manufacturer;model_name;detail_name;hsn;tsn;displacement;power;year_from;year_to;engine_type;target_bucket
VW;Tiguan;5N (TIGUAN 2.0 TDI 4MOTION);0603;BJO;1968;130;2012;2015;Diesel;2
VW;Tiguan;5N (TIGUAN 2.0 TDI);0603;ATM;1968;81;2010;2015;Diesel;2
VW;Tiguan;5N (TIGUAN 2.0 TDI);0603;ANP;1968;103;2008;2015;Diesel;2
VW;Tiguan;5N (TIGUAN 2.0 TDI 4MOTION);0603;ANL;1968;125;2008;2015;Diesel;2
VW;Tiguan;5N (TIGUAN 2.0 TDI 4MOTION);0603;ANK;1968;125;2008;2015;Diesel;2
VW;Tiguan;5N (TIGUAN 2.0 TDI 4MOTION);0603;ANJ;1968;120;2008;2015;Diesel;2
Audi;A8;4H (A8 4.2 TDI QUATTRO);0588;AYY;4134;283;2013;2018;Diesel;1
Audi;A4;B8 (A4 3.0 TDI);0588;AUC;2967;150;2011;2015;Diesel;1
Audi;A6;4G (A6 3.0 TDI QUATTRO);0588;ARC;2967;150;2010;2018;Diesel;1
Audi;A5;B8 (A5 3.0 TDI);0588;ASA;2967;150;2011;2017;Diesel;1
Audi;Q5;8R (Q5 3.0 TDI QUATTRO);0588;AVV;2967;180;2012;2016;Diesel;1
Audi;A5;B8 (A5 CABRIO 3.0 TDI);0588;ASJ;2967;150;2011;2017;Diesel;1
Porsche;Cayenne;92A (CAYENNE 3.0 TDI);0583;AER;2967;180;2011;2018;Diesel;1
Audi;A7;4G (A7 SPORTBACK 3.0 TDI QUATTRO);0588;BGH;2967;140;2015;2018;Diesel;1
Audi;A7;4G (A7 SPORTBACK 3.0 TDI);0588;BEX;2967;140;2015;2018;Diesel;1
Audi;A5;B8 (A5 COUPE 3.0 TDI QUATTRO);0588;BKZ;2967;200;2017;2019;Diesel;1
Audi;A5;B8 (A5 SPORTBACK 3.0 TDI QUATTRO);0588;BLC;2967;200;2017;2019;Diesel;1
Audi;A4;B8 (A4 3.0 TDI QUATTRO);0588;BFQ;2967;200;2015;2019;Diesel;1
Audi;Q7;4L (Q7 3.0 TDI QUATTRO);0588;BGG;2967;155;2015;2019;Diesel;1
Audi;Q7;4L (Q7 3.0 TDI QUATTRO);0588;BGF;2967;155;2015;2019;Diesel;1
Audi;Q7;4L (Q7 3.0 TDI);0588;BFA;2967;160;2015;2019;Diesel;1
Audi;Q7;4L (Q7 3.0 TDI);0588;BEZ;2967;160;2015;2019;Diesel;1
VW;Amarok;2H (AMAROK 3.0 TDI ALLRAD);0603;988;2967;165;2017;2019;Diesel;1
VW;Amarok;2H (AMAROK 3.0 TDI ALLRAD);0603;987;2967;150;2017;2019;Diesel;1
Porsche;Cayenne;92A (CAYENNE 3.0 TDI);0583;ADI;2967;176;2010;2018;Diesel;1
Porsche;Cayenne;92A (CAYENNE 3.0 TDI);0583;ADH;2967;176;2010;2018;Diesel;1
Porsche;Macan;95B (MACAN S DIESEL 3.0);0583;AKZ;2967;221;2018;2019;Diesel;1
VW;Phaeton;3D (PHAETON 3.0 V6 TDI 4-MOTION);0603;BMD;2967;180;2013;2016;Diesel;1
VW;Touareg;7P (TOUAREG 3.0 TDI);0603;BGB;2967;180;2011;2018;Diesel;1
VW;Touareg;7P (TOUAREG 3.0 TDI);0603;BEC;2967;180;2011;2018;Diesel;1
Audi;Q7;4L (Q7 3.0 TDI);0588;BDQ;2967;200;2015;2019;Diesel;1
Audi;Q7;4L (Q7 3.0 TDI);0588;BDM;2967;200;2015;2019;Diesel;1
Audi;A4;B8 (A4 ALLROAD 3.0 TDI QUATTRO);0588;BHC;2967;200;2015;2019;Diesel;1
Audi;A4;B8 (A4 AVANT 3.0 TDI QUATTRO);0588;BFZ;2967;200;2015;2019;Diesel;1
Audi;A5;B8 (A5 SPORTBACK 3.0 TDI);0588;ASF;2967;150;2011;2017;Diesel;1
Audi;A6;4G (A6 AVANT / ALLROAD 3.0 TDI QUATTRO);0588;ARO;2967;150;2011;2018;Diesel;1
Audi;Q7;4L (Q7 3.0 TDI);0588;APF;2967;150;2010;2015;Diesel;1
Audi;A7;4G (A7 SPORTBACK 3.0 TDI);0588;AQT;2967;150;2010;2018;Diesel;1
Audi;A7;4G (A7 SPORTBACK 3.0 TDI QUATTRO);0588;ARS;2967;150;2011;2018;Diesel;1
Audi;A4;B8 (A4 AVANT 3.0 TDI);0588;AUD;2967;150;2011;2015;Diesel;1
Audi;A6;4G (A6 AVANT 3.0 TDI);0588;AQS;2967;150;2011;2018;Diesel;1
Audi;A6;4G (A6 3.0 TDI);0588;ARB;2967;150;2010;2018;Diesel;1
Porsche;Cayenne;92A (CAYENNE 3.0 TDI);0583;AEQ;2967;180;2011;2018;Diesel;1
Porsche;Panamera;971 (PANAMERA 4 3.0 D);0583;AKU;2967;221;2018;2019;Diesel;1
Porsche;Macan;95B (MACAN S DIESEL 3.0);0583;AHI;2967;155;2014;2019;Diesel;1
Porsche;Macan;95B (MACAN S DIESEL 3.0);0583;AHH;2967;155;2014;2019;Diesel;1
Porsche;Panamera;970 (PANAMERA 3.0 TDI);0583;AGW;2967;221;2013;2016;Diesel;1
Porsche;Panamera;970 (PANAMERA 3.0 TDI);0583;AEW;2967;155;2011;2016;Diesel;1
Porsche;Panamera;970 (PANAMERA 3.0 TDI);0583;AEV;2967;184;2011;2016;Diesel;1
Audi;A6;4G (A6 3.0 TDI QUATTRO);0588;ATH;2967;230;2011;2018;Diesel;1
Audi;A6;4G (A6 AVANT / ALLROAD 3.0 TDI QUATTRO);0588;ATI;2967;230;2011;2018;Diesel;1
Porsche;Macan;95B (MACAN S DIESEL 3.0);0583;AHJ;2967;184;2014;2019;Diesel;1
Porsche;Macan;95B (MACAN S DIESEL 3.0);0583;AGZ;2967;190;2014;2019;Diesel;1
Porsche;Macan;95B (MACAN S DIESEL 3.0);0583;AGY;2967;190;2014;2019;Diesel;1
Audi;Q3;8U (Q3 2.0 TDI);0588;BEK;1968;135;2015;2019;Diesel;2
Audi;A8;4H (A8 4.2 TDI QUATTRO);0588;ALQ;4134;258;2009;2018;Diesel;1
Mercedes-Benz;C-Klasse;204 K (C 200 CDI T-MODELL);1313;EGZ;1598;100;2014;2019;Diesel;2
Mercedes-Benz;C-Klasse;204 K (C 200 CDI T-MODELL);1313;EIF;1598;100;2014;2019;Diesel;2
Mercedes-Benz;C-Klasse;204 K (C 180 CDI T-MODELL);1313;EGX;1598;85;2014;2019;Diesel;2
Mercedes-Benz;C-Klasse;204 K (C 180 CDI T-MODELL);1313;EIG;1598;85;2014;2019;Diesel;2
Mercedes-Benz;C-Klasse;204 (C 200 D);1313;ERJ;1598;100;2015;2019;Diesel;2
Mercedes-Benz;C-Klasse;204 (C 200 CDI);1313;EGR;1598;100;2014;2019;Diesel;2
Mercedes-Benz;C-Klasse;204 (C 180 D);1313;ERK;1598;85;2015;2019;Diesel;2
Mercedes-Benz;C-Klasse;204 (C 180 CDI);1313;EGQ;1598;85;2014;2019;Diesel;2
Mercedes-Benz;CLS;218 (CLS 350 D SHOOTING BRAKE 4MATIC);1313;ERL;2987;190;2015;2018;Diesel;2
Mercedes-Benz;CLS;218 (CLS 350 D 4MATIC);1313;ERM;2987;190;2015;2018;Diesel;2
Mercedes-Benz;CLS;218 (CLS 350 CDI);1313;EHX;2987;190;2014;2018;Diesel;2
Mercedes-Benz;CLS;218 (CLS 350 CDI SHOOTING BREAK);1313;EGL;2987;190;2014;2018;Diesel;2
Mercedes-Benz;CLS;218 (CLS 350 CDI SHOOTING BRAKE 4MATIC);1313;EGK;2987;185;2014;2018;Diesel;2
Mercedes-Benz;E-Klasse;R1ES (E 350 D T-MODELL);1313;GHK;2987;190;2016;2019;Diesel;2
Mercedes-Benz;E-Klasse;R1ES (E 350 D T-MODELL 4MATIC / ALL TERRAIN);1313;HBA;2987;190;2016;2019;Diesel;2
Mercedes-Benz;E-Klasse;212 P (E 350 CDI);1313;DEW;2987;185;2013;2015;Diesel;2
Mercedes-Benz;E-Klasse;212 P (E 350 CDI);1313;EIR;2987;190;2014;2015;Diesel;2
Mercedes-Benz;E-Klasse;212 K (E 350 CDI T-MODELL);1313;DEY;2987;185;2013;2015;Diesel;2
Mercedes-Benz;E-Klasse;212 K (E 350 CDI T-MODELL);1313;EJE;2987;190;2014;2015;Diesel;2
Mercedes-Benz;E-Klasse;212 K (E 350 CDI T-MODELL);1313;EJC;2987;190;2014;2015;Diesel;2
Mercedes-Benz;E-Klasse;212 K (E 350 CDI T-MODELL 4MATIC);1313;DEZ;2987;185;2013;2015;Diesel;2
Mercedes-Benz;E-Klasse;212 K (E 350 CDI T-MODELL 4MATIC);1313;EJD;2987;190;2014;2015;Diesel;2
Mercedes-Benz;E-Klasse;212 K (E 350 CDI T-MODELL 4MATIC);1313;EJF;2987;190;2014;2015;Diesel;2
Mercedes-Benz;E-Klasse;212 (E 350 D 4MATIC);1313;HBB;2987;190;2016;2019;Diesel;2
Mercedes-Benz;E-Klasse;212 (E 350 CDI);1313;EIX;2987;190;2014;2017;Diesel;2
Mercedes-Benz;E-Klasse;212 (E 350 CDI 4MATIC);1313;EIY;2987;190;2014;2017;Diesel;2
Mercedes-Benz;E-Klasse;207 (E 350 D COUPE);1313;EIN;2987;190;2014;2017;Diesel;2
Mercedes-Benz;E-Klasse;207 (E 350 CDI CABRIO);1313;EIQ;2987;190;2014;2017;Diesel;2
Mercedes-Benz;GLC;204 X (GLC 250 D COUPE 4MATIC);1313;GHB;2143;150;2016;2019;Diesel;2
Mercedes-Benz;GLC;204 X (GLC 250 D 4MATIC);1313;EWP;2143;150;2015;2019;Diesel;2
Mercedes-Benz;GLC;204 X (GLC 220 D);1313;GZJ;2143;120;2016;2019;Diesel;2
Mercedes-Benz;GLC;204 X (GLC 220 D);1313;GHG;2143;125;2016;2019;Diesel;2
Mercedes-Benz;GLC;204 X (GLC 220 D COUPE 4MATIC);1313;GGZ;2143;125;2016;2019;Diesel;2
Mercedes-Benz;GLC;204 X (GLC 220 D 4MATIC);1313;EWQ;2143;120;2015;2019;Diesel;2
Mercedes-Benz;GLC;204 X (GLC 220 D 4MATIC);1313;GOQ;2143;120;2016;2019;Diesel;2
Mercedes-Benz;GLC;204 X (GLC 220 D 4MATIC);1313;EWT;2143;125;2015;2019;Diesel;2
Mercedes-Benz;GLC;204 X (GLC 220 D 4MATIC);1313;EWR;2143;125;2015;2019;Diesel;2
Mercedes-Benz;GLE;166 (GLE 350 D 4MATIC);1313;ETL;2987;190;2015;2019;Diesel;2
Mercedes-Benz;GLE;166 (GLE 350 D 4MATIC);1313;ETM;2987;190;2015;2019;Diesel;2
Mercedes-Benz;GLE;166 (GLE 250 D);1313;ERX;2143;150;2015;2019;Diesel;2
Mercedes-Benz;GLE;166 (GLE 250 D 4MATIC);1313;ERY;2143;150;2015;2019;Diesel;2
Mercedes-Benz;GLE;166 (GLE 250 D 4MATIC);1313;ETH;2143;150;2015;2019;Diesel;2
Mercedes-Benz;GLE;166 (GLE 250 D 4MATIC);1313;ETI;2143;150;2015;2019;Diesel;2
Mercedes-Benz;GLE;166 (GLE 250 D 4MATIC);1313;ESV;2143;150;2015;2019;Diesel;2
Mercedes-Benz;GLE;166 (GLE / GLE COUPE 350 D 4MATIC);1313;ETD;2987;190;2015;2019;Diesel;2
Mercedes-Benz;GLE;166 (GLE / GLE COUPE 350 D 4MATIC);1313;EQV;2987;190;2015;2019;Diesel;2
Mercedes-Benz;GLE;166 (GLE / GLE COUPE 350 D 4MATIC);1313;EQU;2987;190;2015;2019;Diesel;2
Mercedes-Benz;GLK;204 X (GLK 250 D 4MATIC);1313;EWG;2143;150;2015;2015;Diesel;2
Mercedes-Benz;GLK;204 X (GLK 250 D 4MATIC);1313;EWM;2143;150;2015;2015;Diesel;2
Mercedes-Benz;GLK;204 X (GLK 220 D 4MATIC);1313;EWN;2143;120;2015;2015;Diesel;2
Mercedes-Benz;GLK;204 X (GLK 220 D 4MATIC);1313;EWH;2143;120;2015;2015;Diesel;2
Mercedes-Benz;GLK;204 X (GLK 220 D 4MATIC);1313;EWO;2143;125;2015;2015;Diesel;2
Mercedes-Benz;GLK;204 X (GLK 220 D 4MATIC);1313;EWI;2143;125;2015;2015;Diesel;2
Mercedes-Benz;GLK;204 X (GLK 220 CDI);1313;BLB;2143;120;2009;2015;Diesel;2
Mercedes-Benz;GLK;204 X (GLK 220 CDI);1313;BLA;2143;125;2009;2015;Diesel;2
Mercedes-Benz;GLK;204 X (GLK 220 CDI 4MATIC);1313;BHE;2143;120;2009;2015;Diesel;2
Mercedes-Benz;GLK;204 X (GLK 220 CDI 4MATIC);1313;BLD;2143;120;2009;2015;Diesel;2
Mercedes-Benz;GLK;204 X (GLK 220 CDI 4MATIC);1313;BLC;2143;125;2009;2015;Diesel;2
Mercedes-Benz;GLK;204 X (GLK 200 CDI);1313;BVQ;2143;100;2011;2015;Diesel;2
Mercedes-Benz;GLK;204 X (GLK 200 CDI);1313;BPH;2143;105;2010;2015;Diesel;2
Mercedes-Benz;GLS;166 (GLS 350 D 4MATIC);1313;EWV;2987;190;2015;2019;Diesel;2
Mercedes-Benz;GLS;166 (GLS 350 D 4MATIC);1313;FDZ;2987;190;2015;2019;Diesel;2
Mercedes-Benz;ML;166 (ML 350 CDI);1313;BXV;2987;190;2011;2019;Diesel;2
Mercedes-Benz;ML;166 (ML 350 CDI);1313;DFS;2987;190;2013;2019;Diesel;2
Mercedes-Benz;ML;166 (ML 350 CDI);1313;CSA;2987;190;2012;2019;Diesel;2
Mercedes-Benz;ML;166 (ML 350 CDI);1313;CBH;2987;190;2011;2019;Diesel;2
Mercedes-Benz;ML;166 (ML 350 CDI);1313;CRU;2987;190;2012;2019;Diesel;2
Mercedes-Benz;ML;166 (ML 250 CDI);1313;CRP;2143;150;2012;2019;Diesel;2
Mercedes-Benz;ML;166 (ML 250 CDI);1313;CRO;2143;150;2012;2019;Diesel;2
Mercedes-Benz;ML;166 (ML 250 CDI);1313;BXW;2143;150;2011;2019;Diesel;2
Mercedes-Benz;ML;166 (ML 250 CDI);1313;CBF;2143;150;2011;2019;Diesel;2
Mercedes-Benz;ML;166 (ML 250 CDI);1313;CRX;2143;150;2012;2019;Diesel;2
Mercedes-Benz;ML;166 (ML 250 CDI);1313;BXX;2143;150;2011;2019;Diesel;2
Mercedes-Benz;ML;166 (ML 250 CDI);1313;CBG;2143;150;2011;2019;Diesel;2
Mercedes-Benz;ML;166 (ML 250 CDI);1313;CRW;2143;150;2012;2019;Diesel;2
Mercedes-Benz;S-Klasse;221 (S 350 D);1313;ERP;2987;190;2015;2019;Diesel;2
Mercedes-Benz;S-Klasse;221 (S 350 D 4MATIC);1313;ERQ;2987;190;2015;2019;Diesel;2
Mercedes-Benz;S-Klasse;221 (S 350 CDI);1313;DJH;2987;190;2013;2013;Diesel;2
Mercedes-Benz;S-Klasse;221 (S 350 CDI 4MATIC);1313;EGA;2987;190;2014;2019;Diesel;2
Mercedes-Benz;Vito/Viano;639/2 (VITO TOURER 119 CDI);1313;HSD;2143;140;2018;2019;Diesel;2
Mercedes-Benz;Vito/Viano;639/2 (VITO TOURER 119 CDI 4MATIC);1313;EDO;2143;140;2013;2019;Diesel;2
Mercedes-Benz;Vito/Viano;639/2 (VITO TOURER 119 CDI 4MATIC);1313;HSC;2143;140;2018;2019;Diesel;2
Mercedes-Benz;Vito/Viano;639/2 (VITO TOURER 116 CDI);1313;EDM;2143;120;2013;2019;Diesel;2
Mercedes-Benz;Vito/Viano;639/2 (VITO TOURER 116 CDI);1313;HRZ;2143;120;2018;2019;Diesel;2
Mercedes-Benz;Vito/Viano;639/2 (VITO TOURER 116 CDI 4MATIC);1313;HRY;2143;120;2018;2019;Diesel;2
Mercedes-Benz;Vito/Viano;639/2 (VITO TOURER 114 CDI);1313;EDL;2143;100;2013;2019;Diesel;2
Mercedes-Benz;Vito/Viano;639/2 (VITO TOURER 114 CDI);1313;HSB;2143;100;2018;2019;Diesel;2
Mercedes-Benz;Vito/Viano;639/2 (VITO TOURER 114 CDI 4MATIC);1313;HSA;2143;100;2018;2019;Diesel;2
Mercedes-Benz;Vito/Viano;639/2 (VITO 116 CDI);1313;EDG;2143;120;2013;2019;Diesel;2
Mercedes-Benz;Vito/Viano;639/2 (VITO 116 CDI 4MATIC);1313;ETX;2143;120;2015;2019;Diesel;2
Mercedes-Benz;Vito/Viano;639/2 (VITO 114 CDI);1313;EDF;2143;100;2013;2019;Diesel;2
Mercedes-Benz;Vito/Viano;639/2 (VITO 114 CDI 4MATIC);1313;ETY;2143;100;2015;2019;Diesel;2
Mercedes-Benz;Vito/Viano;639/2 (VITO 111 CDI MARCO POLO);1313;EKH;1598;84;2014;2019;Diesel;2
Mercedes-Benz;Vito/Viano;639/2 (VITO 109 CDI MARCO POLO);1313;EKG;1598;65;2014;2019;Diesel;2
Mercedes-Benz;V-Klasse;639/2 (V 250 CDI MARCO POLO);1313;EDR;2143;140;2014;2019;Diesel;2
Mercedes-Benz;V-Klasse;639/2 (V 250 CDI MARCO POLO);1313;EDV;2143;140;2014;2019;Diesel;2
Mercedes-Benz;V-Klasse;639/2 (V 250 CDI 4MATIC MARCO POLO);1313;EDW;2143;140;2014;2019;Diesel;2
Mercedes-Benz;V-Klasse;639/2 (V 250 CDI 4MATIC MARCO POLO);1313;EDS;2143;140;2014;2019;Diesel;2
Mercedes-Benz;V-Klasse;639/2 (V 220 CDI MARCO POLO);1313;EDU;2143;120;2014;2019;Diesel;2
Mercedes-Benz;V-Klasse;639/2 (V 220 CDI 4MATIC);1313;ETO;2143;120;2015;2019;Diesel;2
Mercedes-Benz;V-Klasse;639/2 (V 220 CDI 4MATIC);1313;ETN;2143;120;2015;2019;Diesel;2
Mercedes-Benz;V-Klasse;639/2 (V 220 CDI 4MATIC MARCO POLO);1313;ETR;2143;120;2015;2019;Diesel;2
Mercedes-Benz;V-Klasse;639/2 (V 220 CDI 4MATIC MARCO POLO);1313;HEW;2143;120;2018;2019;Diesel;2
Audi;A1;8X (A1 1.4 TDI);0588;BCZ;1422;66;2014;2019;Diesel;2
Audi;A1;8X (A1 SPORTBACK 1.4 TDI);0588;BDF;1422;66;2014;2019;Diesel;2
Audi;A1;8X (A1 1.6 TDI);0588;BDA;1598;85;2014;2019;Diesel;2
Audi;A1;8X (A1 SPORTBACK 1.6 TDI);0588;BDG;1598;85;2014;2019;Diesel;2
Audi;A3;8V (A3 1.6 TDI);0588;AVN;1598;77;2012;2019;Diesel;2
Audi;A3;8V (A3 SPORTBACK 1.6 TDI);0588;AWP;1598;77;2012;2019;Diesel;2
Audi;A3;8V (A3 STH 1.6 TDI);0588;AXB;1598;77;2013;2019;Diesel;2
Audi;A3;8V (A3 1.6 TDI);0588;AYA;1598;81;2013;2019;Diesel;2
Audi;A3;8V (A3 CABRIO 1.6 TDI);0588;AZD;1598;81;2013;2019;Diesel;2
Audi;A3;8V (A3 SPORTBACK 1.6 TDI QUATTRO);0588;BET;1598;81;2015;2019;Diesel;2
Audi;A3;8V (A3 SPORTBACK 1.6 TDI);0588;AYB;1598;81;2013;2019;Diesel;2
Audi;A3;8V (A3 STH 1.6 TDI QUATTRO);0588;BER;1598;81;2015;2019;Diesel;2
Audi;A3;8V (A3 STH 1.6 TDI);0588;AZX;1598;81;2014;2019;Diesel;2
Audi;A3;8V (A3 1.6 TDI);0588;BLF;1598;85;2017;2019;Diesel;2
Audi;A3;8V (A3 CABRIO 1.6 TDI);0588;BLI;1598;85;2017;2019;Diesel;2
Audi;A3;8V (A3 SPORTBACK 1.6 / 30 TDI);0588;BLH;1598;85;2017;2019;Diesel;2
Audi;A3;8V (A3 STH 1.6 / 30 TDI);0588;BLG;1598;85;2017;2019;Diesel;2
Audi;A3;8V (A3 2.0 TDI QUATTRO);0588;AVP;1968;110;2012;2019;Diesel;2
Audi;A3;8V (A3 2.0 TDI);0588;AVO;1968;110;2012;2019;Diesel;2
Audi;A3;8V (A3 CABRIO 2.0 TDI QUATTRO);0588;AZE;1968;110;2013;2019;Diesel;2
Audi;A3;8V (A3 CABRIO 2.0 TDI);0588;AYI;1968;110;2013;2019;Diesel;2
Audi;A3;8V (A3 SPORTBACK 2.0 / 35 TDI);0588;AWJ;1968;110;2012;2019;Diesel;2
Audi;A3;8V (A3 SPORTBACK 2.0 TDI QUATTRO);0588;AWQ;1968;110;2012;2019;Diesel;2
Audi;A3;8V (A3 STH 2.0 / 35 TDI);0588;AXC;1968;110;2013;2019;Diesel;2
Audi;A3;8V (A3 STH 2.0 TDI QUATTRO);0588;AXD;1968;110;2013;2019;Diesel;2
Audi;A3;8V (A3 2.0 TDI QUATTRO);0588;AVR;1968;135;2012;2019;Diesel;2
Audi;A3;8V (A3 2.0 TDI);0588;AVQ;1968;135;2012;2019;Diesel;2
Audi;A3;8V (A3 CABRIO 2.0 TDI QUATTRO);0588;BAQ;1968;135;2014;2019;Diesel;2
Audi;A3;8V (A3 CABRIO 2.0 TDI);0588;BAP;1968;135;2014;2019;Diesel;2
Audi;A3;8V (A3 SPORTBACK 2.0 / 40 TDI QUATTRO);0588;AWS;1968;135;2012;2019;Diesel;2
Audi;A3;8V (A3 SPORTBACK 2.0 TDI);0588;AWR;1968;135;2012;2019;Diesel;2
Audi;A3;8V (A3 STH 2.0 / 40 TDI QUATTRO);0588;AZZ;1968;135;2014;2019;Diesel;2
Audi;A3;8V (A3 STH 2.0 TDI);0588;AZY;1968;135;2014;2019;Diesel;2
Audi;A4;B8 (A4 2.0 / 30 TDI);0588;BIF;1968;90;2016;2019;Diesel;2
Audi;A4;B8 (A4 AVANT 2.0 / 30 TDI);0588;BHO;1968;90;2016;2019;Diesel;2
Audi;A4;B8 (A4 2.0 / 35 TDI QUATTRO);0588;BIQ;1968;110;2016;2019;Diesel;2
Audi;A4;B8 (A4 2.0 / 35 TDI);0588;BFL;1968;110;2015;2019;Diesel;2
Audi;Q3;8U (Q3 2.0 TDI QUATTRO);0588;BCU;1968;135;2014;2019;Diesel;2
Audi;A4;B8 (A4 ALLROAD 2.0 / 35 TDI QUATTRO);0588;BLA;1968;110;2017;2019;Diesel;2
Audi;A4;B8 (A4 ALLROAD 2.0 TDI QUATTRO);0588;BJG;1968;110;2016;2019;Diesel;2
Audi;A4;B8 (A4 AVANT 2.0 / 35 TDI QUATTRO);0588;BIS;1968;110;2016;2019;Diesel;2
Audi;A4;B8 (A4 AVANT 2.0 / 35 TDI);0588;BFU;1968;110;2015;2019;Diesel;2
Audi;A4;B8 (A4 2.0 TDI QUATTRO);0588;AYM;1968;140;2013;2015;Diesel;2
Audi;A4;B8 (A4 2.0 TDI);0588;AYL;1968;140;2013;2015;Diesel;2
Audi;A4;B8 (A4 AVANT / ALLROAD 2.0 TDI QUATTRO);0588;AYK;1968;140;2013;2015;Diesel;2
Audi;A4;B8 (A4 AVANT 2.0 TDI);0588;AYJ;1968;140;2013;2015;Diesel;2
Audi;A4;B8 (A4 2.0 / 40 TDI QUATTRO);0588;BFN;1968;140;2015;2019;Diesel;2
Audi;A4;B8 (A4 2.0 / 40 TDI);0588;BFM;1968;140;2015;2019;Diesel;2
Audi;A4;B8 (A4 ALLROAD 2.0 / 40 TDI QUATTRO);0588;BHA;1968;140;2015;2019;Diesel;2
Audi;A4;B8 (A4 AVANT 2.0 / 40 TDI QUATTRO);0588;BFW;1968;140;2015;2019;Diesel;2
Audi;A4;B8 (A4 AVANT 2.0 / 40 TDI);0588;BFV;1968;140;2015;2019;Diesel;2
Audi;A5;B8 (A5 CABRIO 2.0 / 35 TDI);0588;BLT;1968;110;2017;2019;Diesel;2
Audi;A5;B8 (A5 COUPE 2.0 / 35 TDI);0588;BLR;1968;110;2017;2019;Diesel;2
Audi;A5;B8 (A5 SPORTBACK 2.0 / 35 TDI QUATTRO);0588;BLU;1968;110;2017;2019;Diesel;2
Audi;A5;B8 (A5 SPORTBACK 2.0 / 35 TDI);0588;BLS;1968;110;2017;2019;Diesel;2
Audi;A5;B8 (A5 CABRIO 2.0 / 40 TDI QUATTRO);0588;BKS;1968;140;2016;2019;Diesel;2
Audi;A5;B8 (A5 CABRIO 2.0 / 40 TDI);0588;BKR;1968;140;2016;2019;Diesel;2
Audi;A5;B8 (A5 COUPE 2.0 / 40 TDI QUATTRO);0588;BIY;1968;140;2016;2019;Diesel;2
Audi;A5;B8 (A5 COUPE 2.0 / 40 TDI);0588;BIX;1968;140;2016;2019;Diesel;2
Audi;A5;B8 (A5 SPORTBACK 2.0 / 40 TDI QUATTRO);0588;BJO;1968;140;2016;2019;Diesel;2
Audi;A5;B8 (A5 SPORTBACK 2.0 / 40 TDI);0588;BJN;1968;140;2016;2019;Diesel;2
Audi;A6;4G (A6 2.0 TDI);0588;BBL;1968;110;2014;2018;Diesel;2
Audi;A6;4G (A6 AVANT 2.0 TDI);0588;BBV;1968;110;2014;2018;Diesel;2
Audi;A6;4G (A6 2.0 TDI QUATTRO);0588;BEC;1968;140;2015;2018;Diesel;2
Audi;A6;4G (A6 2.0 TDI);0588;AYT;1968;140;2013;2018;Diesel;2
Audi;A6;4G (A6 AVANT 2.0 TDI QUATTRO);0588;BED;1968;140;2015;2018;Diesel;2
Audi;A6;4G (A6 AVANT 2.0 TDI);0588;AYU;1968;140;2013;2018;Diesel;2
Audi;Q2;GA (Q2 1.6 / 30 TDI);0588;BJV;1598;85;2016;2019;Diesel;2
Audi;Q2;GA (Q2 2.0 / 35 TDI QUATTRO);0588;BJX;1968;110;2016;2019;Diesel;2
Audi;Q2;GA (Q2 2.0 / 35 TDI);0588;BJW;1968;110;2016;2019;Diesel;2
Audi;Q2;GA (Q2 2.0 / 40 TDI QUATTRO);0588;BJY;1968;140;2016;2019;Diesel;2
Audi;Q3;8U (Q3 2.0 TDI);0588;BDL;1968;88;2015;2019;Diesel;2
Audi;Q3;8U (Q3 2.0 TDI QUATTRO);0588;BCT;1968;110;2014;2019;Diesel;2
Audi;Q3;8U (Q3 2.0 TDI);0588;BCS;1968;110;2014;2019;Diesel;2
Audi;Q5;8R (Q5 2.0 TDI QUATTRO);0588;AXV;1968;110;2013;2017;Diesel;2
Audi;Q5;8R (Q5 2.0 TDI);0588;AXU;1968;110;2013;2017;Diesel;2
Audi;Q5;8R (Q5 2.0 TDI QUATTRO);0588;AYZ;1968;140;2013;2017;Diesel;2
Audi;Q5;8R (Q5 2.0 TDI);0588;BGI;1968;140;2015;2017;Diesel;2
Audi;Q5;FY (Q5 2.0 / 35 TDI QUATTRO);0588;BKP;1968;120;2016;2019;Diesel;2
Audi;Q5;FY (Q5 2.0 / 35 TDI QUATTRO);0588;BKO;1968;120;2016;2019;Diesel;2
Audi;Q5;FY (Q5 2.0 / 35 TDI);0588;BJZ;1968;110;2016;2019;Diesel;2
Audi;Q5;FY (Q5 2.0 / 40 TDI QUATTRO);0588;BKG;1968;140;2016;2019;Diesel;2
Audi;Q5;FY (Q5 2.0 / 40 TDI QUATTRO);0588;BKA;1968;140;2016;2019;Diesel;2
Audi;Q5;FY (Q5 2.0 TDI);0588;BLO;1968;100;2017;2019;Diesel;2
Audi;A4;B8 (A4 30 TDI);0588;BPH;1968;100;2018;2019;Diesel;2
Audi;A4;B8 (A4 AVANT 30 TDI);0588;BPI;1968;100;2018;2019;Diesel;2
Audi;A4;B8 (A4 ALLROAD 2.0 / 35 TDI QUATTRO);0588;BGW;1968;120;2015;2019;Diesel;2
Audi;A4;B8 (A4 35 TDI);0588;BPJ;1968;120;2018;2019;Diesel;2
Audi;A4;B8 (A4 AVANT 35 TDI);0588;BPK;1968;120;2018;2019;Diesel;2
Audi;A5;B8 (A5 CABRIO 35 TDI);0588;BPL;1968;120;2018;2019;Diesel;2
Audi;A5;B8 (A5 COUPE 35 TDI);0588;BPM;1968;120;2018;2019;Diesel;2
Audi;A5;B8 (A5 SPORTBACK 35 TDI);0588;BPN;1968;120;2018;2019;Diesel;2
Audi;A6;F2 (A6 35 TDI);0588;BQF;1968;120;2018;2019;Diesel;2
Audi;A6;F2 (A6 AVANT 35 TDI);0588;BQD;1968;120;2018;2019;Diesel;2
Audi;A6;F2 (A6 40 TDI QUATTRO);0588;BND;1968;150;2018;2019;Diesel;2
Audi;A6;F2 (A6 40 TDI);0588;BMY;1968;150;2018;2019;Diesel;2
Audi;A6;F2 (A6 AVANT 40 TDI QUATTRO);0588;BNF;1968;150;2018;2019;Diesel;2
Audi;A6;F2 (A6 AVANT 40 TDI);0588;BNE;1968;150;2018;2019;Diesel;2
Audi;A7;F2 (A7 SPORTBACK 40 TDI QUATTRO);0588;BOU;1968;150;2018;2019;Diesel;2
Audi;A7;F2 (A7 SPORTBACK 40 TDI);0588;BOT;1968;150;2018;2019;Diesel;2
Audi;Q3;F3 (Q3 35 TDI QUATTRO);0588;BOZ;1968;110;2018;2019;Diesel;2
Audi;Q3;F3 (Q3 35 TDI);0588;BOY;1968;110;2018;2019;Diesel;2
Audi;Q3;F3 (Q3 40 TDI QUATTRO);0588;BPA;1968;140;2018;2019;Diesel;2
Audi;Q5;FY (Q5 30 TDI);0588;BQB;1968;100;2018;2019;Diesel;2
Audi;Q5;FY (Q5 35 TDI);0588;BQC;1968;120;2018;2019;Diesel;2
Audi;A3;8V (A3 2.0 TDI);0588;AWA;1968;105;2012;2019;Diesel;2
Audi;A3;8V (A3 CABRIO 2.0 TDI);0588;BAR;1968;100;2014;2019;Diesel;2
Audi;TT;8J (AUDI TT 2.0 TDI QUATTRO ROADSTER);8307;ACG;1968;135;2016;2019;Diesel;2
Audi;TT;8J (AUDI TT 2.0 TDI QUATTRO);8307;ACF;1968;135;2016;2019;Diesel;2
Audi;Q5;8R (Q5 2.0 TDI QUATTRO);0588;AIX;1968;120;2008;2016;Diesel;2
Audi;TT;8J (AUDI TT 2.0 TDI ROADSTER);8307;ACA;1968;135;2014;2019;Diesel;2
Audi;TT;8J (AUDI TT 2.0 TDI);8307;ABW;1968;135;2014;2019;Diesel;2
Seat;Alhambra;7N (ALHAMBRA 2.0 TDI ALLRAD);7593;AMA;1968;110;2015;2019;Diesel;2
Seat;Alhambra;7N (ALHAMBRA 2.0 TDI ALLRAD);7593;ALZ;1968;110;2015;2019;Diesel;2
Seat;Alhambra;7N (ALHAMBRA 2.0 TDI);7593;ALL;1968;110;2014;2019;Diesel;2
Seat;Alhambra;7N (ALHAMBRA 2.0 TDI);7593;ALK;1968;110;2014;2019;Diesel;2
Seat;Alhambra;7N (ALHAMBRA 2.0 TDI ALLRAD);7593;AOA;1968;130;2018;2019;Diesel;2
Seat;Alhambra;7N (ALHAMBRA 2.0 TDI ALLRAD);7593;ANZ;1968;130;2018;2019;Diesel;2
Seat;Alhambra;7N (ALHAMBRA 2.0 TDI);7593;AFS;1968;85;2011;2019;Diesel;2
Seat;Alhambra;7N (ALHAMBRA 2.0 TDI);7593;AFT;1968;85;2011;2019;Diesel;2
Seat;Alhambra;7N (ALHAMBRA 2.0 TDI ALLRAD);7593;AMT;1968;135;2016;2019;Diesel;2
Seat;Alhambra;7N (ALHAMBRA 2.0 TDI ALLRAD);7593;AMS;1968;135;2016;2019;Diesel;2
Seat;Alhambra;7N (ALHAMBRA 2.0 TDI);7593;ALN;1968;135;2014;2019;Diesel;2
Seat;Alhambra;7N (ALHAMBRA 2.0 TDI);7593;ALM;1968;135;2014;2019;Diesel;2
Seat;Arona;KJ (ARONA 1.6 TDI);7593;ANT;1598;70;2017;2019;Diesel;2
Seat;Arona;KJ (ARONA 1.6 TDI);7593;ANU;1598;85;2017;2019;Diesel;2
Seat;Ateca;5FP (ATECA 1.6 TDI);7593;AMP;1598;85;2016;2019;Diesel;2
Seat;Ateca;5FP (ATECA 2.0 TDI 4DRIVE);7593;AMM;1968;110;2016;2019;Diesel;2
Seat;Ateca;5FP (ATECA 2.0 TDI 4DRIVE);7593;AMR;1968;140;2016;2019;Diesel;2
Seat;Ateca;5FP (ATECA 2.0 TDI);7593;AMQ;1968;110;2016;2019;Diesel;2
Seat;Ibiza;6P (IBIZA 1.4 TDI);7593;AKS;1422;55;2014;2017;Diesel;2
Seat;Ibiza;6P (IBIZA ST 1.4 TDI);7593;ALA;1422;55;2014;2017;Diesel;2
Seat;Ibiza;KJ (IBIZA 1.6 TDI);7593;ANJ;1598;59;2017;2019;Diesel;2
Seat;Ibiza;6P (IBIZA 1.4 TDI);7593;AKT;1422;66;2014;2017;Diesel;2
Seat;Ibiza;6P (IBIZA ST 1.4 TDI);7593;ALB;1422;66;2014;2017;Diesel;2
Seat;Ibiza;KJ (IBIZA 1.6 TDI);7593;ANK;1598;70;2017;2019;Diesel;2
Seat;Ibiza;6P (IBIZA 1.4 TDI);7593;AKU;1422;77;2014;2017;Diesel;2
Seat;Ibiza;6P (IBIZA ST 1.4 TDI);7593;ALC;1422;77;2014;2017;Diesel;2
Seat;Ibiza;KJ (IBIZA 1.6 TDI);7593;ANL;1598;85;2017;2019;Diesel;2
Seat;Leon;5F (LEON 1.6 TDI);7593;AIO;1598;66;2013;2019;Diesel;2
Seat;Leon;5F (LEON 1.6 TDI);7593;AHF;1598;66;2012;2019;Diesel;2
Seat;Leon;5F (LEON SC 1.6 TDI);7593;AIY;1598;66;2013;2019;Diesel;2
Seat;Leon;5F (LEON ST 1.6 TDI);7593;AJI;1598;66;2013;2019;Diesel;2
Seat;Leon;5F (LEON 1.6 TDI);7593;AIP;1598;77;2013;2019;Diesel;2
Seat;Leon;5F (LEON 1.6 TDI);7593;AHG;1598;77;2012;2019;Diesel;2
Seat;Leon;5F (LEON SC 1.6 TDI);7593;AIZ;1598;77;2013;2019;Diesel;2
Seat;Leon;5F (LEON ST 1.6 TDI 4DRIVE);7593;AJX;1598;77;2014;2019;Diesel;2
Seat;Leon;5F (LEON ST 1.6 TDI);7593;AJJ;1598;77;2013;2019;Diesel;2
Seat;Leon;5F (LEON 1.6 TDI);7593;AIQ;1598;81;2013;2019;Diesel;2
Seat;Leon;5F (LEON SC 1.6 TDI);7593;AJA;1598;81;2013;2019;Diesel;2
Seat;Leon;5F (LEON ST 1.6 TDI 4DRIVE X-PERIENCE);7593;AKG;1598;81;2014;2019;Diesel;2
Seat;Leon;5F (LEON ST 1.6 TDI 4DRIVE);7593;AKM;1598;81;2015;2019;Diesel;2
Seat;Leon;5F (LEON ST 1.6 TDI X-PERIENCE);7593;ALT;1598;81;2015;2019;Diesel;2
Seat;Leon;5F (LEON ST 1.6 TDI);7593;AJK;1598;81;2013;2019;Diesel;2
Seat;Leon;5F (LEON ST 2.0 TDI);7593;ALO;1968;81;2015;2019;Diesel;2
Seat;Leon;5F (LEON 1.6 TDI);7593;AMZ;1598;85;2016;2019;Diesel;2
Seat;Leon;5F (LEON SC 1.6 TDI);7593;ANA;1598;85;2016;2019;Diesel;2
Seat;Leon;5F (LEON ST 1.6 TDI X-PERIENCE);7593;ANC;1598;85;2016;2019;Diesel;2
Seat;Leon;5F (LEON ST 1.6 TDI);7593;ANB;1598;85;2016;2019;Diesel;2
Seat;Leon;5F (LEON 2.0 TDI);7593;AIR;1968;110;2013;2019;Diesel;2
Seat;Leon;5F (LEON 2.0 TDI);7593;AHM;1968;110;2012;2019;Diesel;2
Seat;Leon;5F (LEON SC 2.0 TDI);7593;AJB;1968;110;2013;2019;Diesel;2
Seat;Leon;5F (LEON ST 2.0 TDI 4DRIVE X-PERIENCE);7593;AKH;1968;110;2014;2019;Diesel;2
Seat;Leon;5F (LEON ST 2.0 TDI 4DRIVE);7593;AKF;1968;110;2014;2019;Diesel;2
Seat;Leon;5F (LEON ST 2.0 TDI);7593;AJL;1968;110;2013;2019;Diesel;2
Seat;Leon;5F (LEON 2.0 TDI);7593;AIS;1968;135;2013;2019;Diesel;2
Seat;Leon;5F (LEON 2.0 TDI);7593;AHN;1968;135;2012;2019;Diesel;2
Seat;Leon;5F (LEON SC 2.0 TDI);7593;AJC;1968;135;2013;2019;Diesel;2
Seat;Leon;5F (LEON ST 2.0 TDI 4DRIVE X-PERIENCE);7593;AKI;1968;135;2014;2019;Diesel;2
Seat;Leon;5F (LEON ST 2.0 TDI);7593;AJM;1968;135;2013;2019;Diesel;2
Seat;Tarraco;KN (TARRACO 2.0 TDI 4DRIVE);7593;AOS;1968;110;2018;2019;Diesel;2
Seat;Tarraco;KN (TARRACO 2.0 TDI 4DRIVE);7593;AOT;1968;140;2018;2019;Diesel;2
Seat;Tarraco;KN (TARRACO 2.0 TDI);7593;AOR;1968;110;2018;2019;Diesel;2
Seat;Toledo;NH (TOLEDO 1.6 TDI);7593;ALX;1598;85;2015;2019;Diesel;2
Seat;Toledo;NH (TOLEDO 1.6 TDI);7593;ALH;1598;85;2014;2019;Diesel;2
Skoda;Kodiaq;NS (KODIAQ 2.0 TDI 4X4);8004;ARX;1968;140;2016;2019;Diesel;2
Skoda;Fabia;5J (FABIA 1.4 TDI);8004;AOR;1422;66;2014;2019;Diesel;2
Skoda;Fabia;5J (FABIA 1.4 TDI);8004;AOS;1422;77;2014;2019;Diesel;2
Skoda;Fabia;5J (FABIA COMBI 1.4 TDI);8004;AOW;1422;66;2014;2019;Diesel;2
Skoda;Fabia;5J (FABIA COMBI 1.4 TDI);8004;AOX;1422;77;2014;2019;Diesel;2
Skoda;Karoq;NU (KAROQ 1.6 TDI);8004;ASP;1598;85;2017;2019;Diesel;2
Skoda;Karoq;NU (KAROQ 2.0 TDI 4X4);8004;ASQ;1968;110;2017;2019;Diesel;2
Skoda;Karoq;NU (KAROQ 2.0 TDI 4X4);8004;ATB;1968;140;2017;2019;Diesel;2
Skoda;Karoq;NU (KAROQ 2.0 TDI);8004;ATL;1968;110;2018;2019;Diesel;2
Skoda;Kodiaq;NS (KODIAQ 2.0 TDI);8004;ARS;1968;85;2016;2019;Diesel;2
Skoda;Kodiaq;NS (KODIAQ 2.0 TDI 4X4);8004;ASB;1968;110;2016;2019;Diesel;2
Skoda;Kodiaq;NS (KODIAQ 2.0 TDI 4X4);8004;ASA;1968;110;2016;2019;Diesel;2
Skoda;Kodiaq;NS (KODIAQ 2.0 TDI 4X4);8004;ARW;1968;110;2016;2019;Diesel;2
Skoda;Kodiaq;NS (KODIAQ 2.0 TDI 4X4);8004;ARU;1968;110;2016;2019;Diesel;2
Skoda;Kodiaq;NS (KODIAQ 2.0 TDI);8004;ASI;1968;110;2017;2019;Diesel;2
Skoda;Kodiaq;NS (KODIAQ 2.0 TDI);8004;ART;1968;110;2016;2019;Diesel;2
Skoda;Kodiaq;NS (KODIAQ 2.0 TDI 4X4);8004;ASD;1968;140;2016;2019;Diesel;2
Skoda;Kodiaq;NS (KODIAQ 2.0 TDI 4X4);8004;ASC;1968;140;2016;2019;Diesel;2
Skoda;Kodiaq;NS (KODIAQ 2.0 TDI 4X4);8004;ARV;1968;140;2016;2019;Diesel;2
Skoda;Kodiaq;NS (KODIAQ RS 2.0 TDI 4X4);8004;ATV;1968;176;2018;2019;Diesel;2
Skoda;Octavia;5E (OCTAVIA 1.6 TDI);8004;ANO;1598;66;2013;2019;Diesel;2
Skoda;Octavia;5E (OCTAVIA COMBI 1.6 TDI);8004;ANS;1598;66;2013;2019;Diesel;2
Skoda;Octavia;5E (OCTAVIA 1.6 TDI 4X4);8004;APG;1598;77;2015;2019;Diesel;2
Skoda;Octavia;5E (OCTAVIA 1.6 TDI);8004;ANF;1598;77;2012;2019;Diesel;2
Skoda;Octavia;5E (OCTAVIA COMBI 1.6 TDI 4X4);8004;ANR;1598;77;2013;2019;Diesel;2
Skoda;Octavia;5E (OCTAVIA COMBI 1.6 TDI);8004;ANK;1598;77;2012;2019;Diesel;2
Skoda;Octavia;5E (OCTAVIA 1.6 TDI 4X4);8004;AQX;1598;81;2015;2019;Diesel;2
Skoda;Octavia;5E (OCTAVIA 1.6 TDI);8004;AOI;1598;81;2014;2019;Diesel;2
Skoda;Octavia;5E (OCTAVIA COMBI 1.6 TDI 4X4);8004;AQY;1598;81;2015;2019;Diesel;2
Skoda;Octavia;5E (OCTAVIA COMBI 1.6 TDI);8004;AOJ;1598;81;2014;2019;Diesel;2
Skoda;Octavia;5E (OCTAVIA 1.6 TDI 4X4);8004;ASZ;1598;85;2018;2019;Diesel;2
Skoda;Octavia;5E (OCTAVIA 1.6 TDI);8004;ASE;1598;85;2017;2019;Diesel;2
Skoda;Octavia;5E (OCTAVIA COMBI 1.6 TDI 4X4);8004;ATA;1598;85;2018;2019;Diesel;2
Skoda;Octavia;5E (OCTAVIA COMBI 1.6 TDI);8004;ASF;1598;85;2017;2019;Diesel;2
Skoda;Octavia;5E (OCTAVIA 2.0 TDI 4X4);8004;APF;1968;110;2015;2019;Diesel;2
Skoda;Octavia;5E (OCTAVIA 2.0 TDI);8004;ANG;1968;110;2012;2019;Diesel;2
Skoda;Octavia;5E (OCTAVIA COMBI 2.0 TDI 4X4);8004;ANQ;1968;110;2013;2019;Diesel;2
Skoda;Octavia;5E (OCTAVIA COMBI 2.0 TDI);8004;ANL;1968;110;2012;2019;Diesel;2
Skoda;Octavia;5E (OCTAVIA COMBI RS 2.0 TDI 4X4);8004;AOM;1968;135;2014;2019;Diesel;2
Skoda;Octavia;5E (OCTAVIA COMBI RS 2.0 TDI);8004;ANW;1968;135;2013;2019;Diesel;2
Skoda;Octavia;5E (OCTAVIA RS 2.0 TDI 4X4);8004;APH;1968;135;2015;2019;Diesel;2
Skoda;Octavia;5E (OCTAVIA RS 2.0 TDI);8004;ANU;1968;135;2013;2019;Diesel;2
Skoda;Rapid;NH (RAPID 1.4 TDI);8004;ARG;1422;66;2015;2019;Diesel;2
Skoda;Rapid;NH (RAPID 1.4 TDI);8004;AQT;1422;66;2015;2019;Diesel;2
Skoda;Rapid;NH (RAPID SPACEBACK 1.4 TDI);8004;AQU;1422;66;2015;2019;Diesel;2
Skoda;Rapid;NH (RAPID 1.6 TDI);8004;ARH;1598;85;2015;2019;Diesel;2
Skoda;Rapid;NH (RAPID 1.6 TDI);8004;AQV;1598;85;2015;2019;Diesel;2
Skoda;Rapid;NH (RAPID SPACEBACK 1.6 TDI);8004;AQW;1598;85;2015;2019;Diesel;2
Skoda;Superb;3T (SUPERB 1.6 TDI);8004;API;1598;88;2015;2019;Diesel;2
Skoda;Superb;3T (SUPERB COMBI 1.6 TDI);8004;APJ;1598;88;2015;2019;Diesel;2
Skoda;Superb;3T (SUPERB 2.0 TDI 4X4);8004;APM;1968;110;2015;2019;Diesel;2
Skoda;Superb;3T (SUPERB 2.0 TDI);8004;APK;1968;110;2015;2019;Diesel;2
Skoda;Superb;3T (SUPERB COMBI 2.0 TDI 4X4);8004;APN;1968;110;2015;2019;Diesel;2
Skoda;Superb;3T (SUPERB COMBI 2.0 TDI);8004;APL;1968;110;2015;2019;Diesel;2
Skoda;Superb;3T (SUPERB 2.0 TDI 4X4);8004;APQ;1968;140;2015;2019;Diesel;2
Skoda;Superb;3T (SUPERB 2.0 TDI);8004;APO;1968;140;2015;2019;Diesel;2
Skoda;Superb;3T (SUPERB COMBI 2.0 TDI 4X4);8004;APR;1968;140;2015;2019;Diesel;2
Skoda;Superb;3T (SUPERB COMBI 2.0 TDI);8004;APP;1968;140;2015;2019;Diesel;2
Skoda;Yeti;5L (YETI 2.0 TDI 4X4);8004;ARA;1968;110;2015;2018;Diesel;2
Skoda;Yeti;5L (YETI 2.0 TDI 4X4);8004;AQI;1968;110;2015;2018;Diesel;2
Skoda;Yeti;5L (YETI 2.0 TDI);8004;AQZ;1968;110;2015;2018;Diesel;2
Skoda;Yeti;5L (YETI 2.0 TDI);8004;AQH;1968;110;2015;2018;Diesel;2
VW;Arteon;3H (ARTEON 2.0 TDI 4MOTION);0603;CDM;1968;140;2017;2019;Diesel;2
VW;Arteon;3H (ARTEON 2.0 TDI 4MOTION);0603;CDN;1968;176;2017;2019;Diesel;2
VW;Arteon;3H (ARTEON 2.0 TDI);0603;CDK;1968;110;2017;2019;Diesel;2
VW;Arteon;3H (ARTEON 2.0 TDI);0603;CDL;1968;140;2017;2019;Diesel;2
VW;Beetle;16 (BEETLE 2.0 TDI);0603;BQJ;1968;81;2014;2018;Diesel;2
VW;Beetle;16 (BEETLE 2.0 TDI);0603;BRH;1968;110;2014;2018;Diesel;2
VW;Beetle;16 (BEETLE CABRIO 2.0 TDI);0603;BRK;1968;81;2014;2019;Diesel;2
VW;Beetle;16 (BEETLE CABRIO 2.0 TDI);0603;BRL;1968;110;2014;2019;Diesel;2
VW;Caddy;2K (CADDY 2.0 TDI);0603;BSU;1968;55;2015;2019;Diesel;2
VW;Caddy;2K (CADDY 2.0 TDI);0603;BST;1968;55;2015;2019;Diesel;2
VW;Caddy;2K (CADDY 2.0 TDI);0603;BSW;1968;75;2015;2019;Diesel;2
VW;Caddy;2K (CADDY 2.0 TDI);0603;BSV;1968;75;2015;2019;Diesel;2
VW;Caddy;2K (CADDY 2.0 TDI 4MOTION);0603;BSY;1968;90;2015;2019;Diesel;2
VW;Caddy;2K (CADDY 2.0 TDI 4MOTION);0603;BSX;1968;90;2015;2019;Diesel;2
VW;Caddy;2K (CADDY 2.0 TDI 4MOTION);0603;BYB;1968;110;2016;2019;Diesel;2
VW;Caddy;2K (CADDY 2.0 TDI 4MOTION);0603;BYA;1968;110;2016;2019;Diesel;2
VW;Caddy;2K (CADDY 2.0 TDI);0603;BTA;1968;110;2015;2019;Diesel;2
VW;Caddy;2K (CADDY 2.0 TDI);0603;BSZ;1968;110;2015;2019;Diesel;2
VW;Golf VII;AU (GOLF VII 1.6 TDI);0603;BLK;1598;66;2013;2019;Diesel;2
VW;Golf VII;AUV (GOLF VII VARIANT 1.6 TDI);0603;BOG;1598;66;2013;2019;Diesel;2
VW;Golf VII;AUV (GOLF VII VARIANT 1.6 TDI);0603;BLW;1598;66;2013;2019;Diesel;2
VW;Golf VII;AU (GOLF VII 1.6 TDI 4MOTION);0603;BJI;1598;77;2012;2019;Diesel;2
VW;Golf VII;AU (GOLF VII 1.6 TDI);0603;BJH;1598;77;2012;2019;Diesel;2
VW;Golf VII;AUV (GOLF VII VARIANT 1.6 TDI 4MOTION);0603;BOE;1598;77;2013;2019;Diesel;2
VW;Golf VII;AUV (GOLF VII VARIANT 1.6 TDI 4MOTION);0603;BLO;1598;77;2013;2019;Diesel;2
VW;Golf VII;AUV (GOLF VII VARIANT 1.6 TDI);0603;BOB;1598;77;2013;2019;Diesel;2
VW;Golf VII;AUV (GOLF VII VARIANT 1.6 TDI);0603;BLG;1598;77;2013;2019;Diesel;2
VW;Golf VII;AU (GOLF VII 1.6 TDI 4MOTION);0603;BPI;1598;81;2014;2019;Diesel;2
VW;Sharan;7N (SHARAN 2.0 TDI);0603;BVJ;1968;110;2015;2019;Diesel;2
VW;Golf VII;AU (GOLF VII 1.6 TDI);0603;BKN;1598;81;2013;2019;Diesel;2
VW;Golf VII;AUV (GOLF VII VARIANT 1.6 TDI 4MOTION);0603;BPM;1598;81;2014;2019;Diesel;2
VW;Golf VII;AUV (GOLF VII VARIANT 1.6 TDI);0603;BOC;1598;81;2013;2019;Diesel;2
VW;Golf VII;AUV (GOLF VII VARIANT 1.6 TDI);0603;BLH;1598;81;2013;2019;Diesel;2
VW;Golf VII;AUV (GOLF VII VARIANT 2.0 TDI);0603;BYV;1968;81;2016;2019;Diesel;2
VW;Golf VII SportsVan;AUV (GOLF VII SPORTSVAN 1.6 TDI);0603;BMZ;1598;81;2013;2019;Diesel;2
VW;Golf VII SportsVan;AUV (GOLF VII SPORTSVAN 2.0 TDI);0603;CAT;1968;81;2016;2019;Diesel;2
VW;Golf VII;AU (GOLF VII 1.6 TDI);0603;CBO;1598;85;2016;2019;Diesel;2
VW;Golf VII;AUV (GOLF VII VARIANT 1.6 TDI);0603;CBJ;1598;85;2016;2019;Diesel;2
VW;Golf VII SportsVan;AUV (GOLF VII SPORTSVAN 1.6 TDI);0603;CBK;1598;85;2016;2019;Diesel;2
VW;Golf VII;AU (GOLF VII 2.0 TDI 4MOTION);0603;BJK;1968;110;2012;2019;Diesel;2
VW;Golf VII;AU (GOLF VII 2.0 TDI);0603;BJJ;1968;110;2012;2019;Diesel;2
VW;Golf VII;AUV (GOLF VII VARIANT 2.0 TDI 4MOTION);0603;BOF;1968;110;2013;2019;Diesel;2
VW;Golf VII;AUV (GOLF VII VARIANT 2.0 TDI 4MOTION);0603;BLP;1968;110;2013;2019;Diesel;2
VW;Golf VII;AUV (GOLF VII VARIANT 2.0 TDI);0603;BOD;1968;110;2013;2019;Diesel;2
VW;Golf VII;AUV (GOLF VII VARIANT 2.0 TDI);0603;BLI;1968;110;2013;2019;Diesel;2
VW;Golf VII SportsVan;AUV (GOLF VII SPORTSVAN 2.0 TDI);0603;BNA;1968;110;2013;2019;Diesel;2
VW;Golf VII;AU (GOLF VII GTD 2.0 TDI);0603;BKO;1968;135;2013;2019;Diesel;2
VW;Golf VII;AUV (GOLF VII GTD VARIANT 2.0 TDI 4MOTION);0603;BNG;1968;135;2014;2019;Diesel;2
VW;Golf VII;AUV (GOLF VII GTD VARIANT 2.0 TDI);0603;BNI;1968;135;2014;2019;Diesel;2
VW;Jetta IV;16 (JETTA 2.0 TDI);0603;BQM;1968;81;2014;2016;Diesel;2
VW;Jetta IV;16 (JETTA 2.0 TDI);0603;BQN;1968;110;2014;2016;Diesel;2
VW;Passat;3C (PASSAT 1.6 TDI);0603;BQX;1598;88;2014;2019;Diesel;2
VW;Passat;3C (PASSAT VARIANT 1.6 TDI);0603;BQY;1598;88;2014;2019;Diesel;2
VW;Passat;3C (PASSAT 2.0 TDI 4MOTION);0603;BSL;1968;110;2015;2015;Diesel;2
VW;Passat;3C (PASSAT 2.0 TDI);0603;BQR;1968;110;2014;2019;Diesel;2
VW;Passat;3C (PASSAT VARIANT 2.0 TDI 4MOTION);0603;BSM;1968;110;2015;2019;Diesel;2
VW;Passat;3C (PASSAT VARIANT 2.0 TDI);0603;BQS;1968;110;2014;2019;Diesel;2
VW;Passat;3CC (PASSAT CC 2.0 TDI);0603;BWH;1968;110;2015;2017;Diesel;2
VW;Passat;3CC (PASSAT CC 2.0 TDI);0603;BWI;1968;135;2015;2017;Diesel;2
VW;Passat;3C (PASSAT 2.0 TDI 4MOTION);0603;BRB;1968;140;2014;2015;Diesel;2
VW;Passat;3C (PASSAT 2.0 TDI);0603;BQZ;1968;140;2014;2019;Diesel;2
VW;Passat;3C (PASSAT VARIANT 2.0 TDI 4MOTION);0603;BRC;1968;140;2014;2019;Diesel;2
VW;Passat;3C (PASSAT VARIANT 2.0 TDI);0603;BRA;1968;140;2014;2019;Diesel;2
VW;Passat;3C (PASSAT 2.0 TDI 4MOTION);0603;BQT;1968;176;2014;2019;Diesel;2
VW;Passat;3C (PASSAT VARIANT 2.0 TDI 4MOTION);0603;BQU;1968;176;2014;2019;Diesel;2
VW;Polo;6R (POLO V 1.4 TDI);0603;BNU;1422;55;2013;2018;Diesel;2
VW;Polo;AW (POLO VI 1.6 TDI);0603;CDW;1598;59;2017;2019;Diesel;2
VW;Polo;6R (POLO V 1.4 TDI);0603;BNV;1422;66;2013;2018;Diesel;2
VW;Polo;AW (POLO VI 1.6 TDI);0603;CDX;1598;70;2017;2019;Diesel;2
VW;Polo;6R (POLO V 1.4 TDI);0603;BPN;1422;77;2014;2018;Diesel;2
VW;Scirocco;13 (SCIROCCO 2.0 TDI);0603;BPC;1968;110;2014;2019;Diesel;2
VW;Scirocco;13 (SCIROCCO 2.0 TDI);0603;BPD;1968;135;2014;2019;Diesel;2
VW;Sharan;7N (SHARAN 2.0 TDI 4MOTION);0603;BVL;1968;110;2015;2019;Diesel;2
VW;Sharan;7N (SHARAN 2.0 TDI 4MOTION);0603;BVK;1968;110;2015;2019;Diesel;2
VW;Sharan;7N (SHARAN 2.0 TDI);0603;BVI;1968;110;2015;2019;Diesel;2
VW;Sharan;7N (SHARAN 2.0 TDI 4MOTION);0603;CIX;1968;130;2018;2019;Diesel;2
VW;Sharan;7N (SHARAN 2.0 TDI 4MOTION);0603;CIW;1968;130;2018;2019;Diesel;2
VW;Sharan;7N (SHARAN 2.0 TDI 4MOTION);0603;CAW;1968;135;2016;2019;Diesel;2
VW;Sharan;7N (SHARAN 2.0 TDI 4MOTION);0603;CAV;1968;135;2016;2019;Diesel;2
VW;Sharan;7N (SHARAN 2.0 TDI);0603;BVN;1968;135;2015;2019;Diesel;2
VW;Sharan;7N (SHARAN 2.0 TDI);0603;BVM;1968;135;2015;2019;Diesel;2
VW;T6;7HC (T6 CALIFORNIA BEACH 2.0 TDI);0603;BUV;1968;62;2015;2019;Diesel;2
VW;T6;7HC (T6 KOMBI 2.0 TDI);0603;BTT;1968;62;2015;2019;Diesel;2
VW;T6;7HC (T6 MULTIVAN 2.0 TDI);0603;BUH;1968;62;2015;2019;Diesel;2
VW;T6;7HC (T6 CALIFORNIA 2.0 TDI);0603;BTL;1968;75;2015;2019;Diesel;2
VW;T6;7HC (T6 CALIFORNIA BEACH 2.0 TDI);0603;BUW;1968;75;2015;2019;Diesel;2
VW;T6;7HC (T6 KOMBI 2.0 TDI);0603;BTU;1968;75;2015;2019;Diesel;2
VW;T6;7HC (T6 MULTIVAN 2.0 TDI);0603;BUI;1968;75;2015;2019;Diesel;2
VW;T6;7HC (T6 CALIFORNIA 2.0 TDI);0603;CAL;1968;84;2016;2019;Diesel;2
VW;T6;7HC (T6 CALIFORNIA BEACH 2.0 TDI);0603;CAO;1968;84;2016;2019;Diesel;2
VW;T6;7HC (T6 KOMBI 2.0 TDI);0603;CAM;1968;84;2016;2019;Diesel;2
VW;T6;7HC (T6 MULTIVAN 2.0 TDI);0603;CAN;1968;84;2016;2019;Diesel;2
VW;T6;7HC (T6 CALIFORNIA 2.0 TDI 4MOTION);0603;BTN;1968;110;2015;2019;Diesel;2
VW;T6;7HC (T6 CALIFORNIA 2.0 TDI);0603;BTM;1968;110;2015;2019;Diesel;2
VW;T6;7HC (T6 CALIFORNIA BEACH 2.0 TDI 4MOTION);0603;BVA;1968;110;2015;2019;Diesel;2
VW;T6;7HC (T6 CALIFORNIA BEACH 2.0 TDI);0603;BUZ;1968;110;2015;2019;Diesel;2
VW;T6;7HC (T6 CALIFORNIA BEACH 2.0 TDI);0603;BXB;1968;110;2015;2019;Diesel;2
VW;T6;7HC (T6 KOMBI 2.0 TDI 4MOTION);0603;BTY;1968;110;2015;2019;Diesel;2
VW;T6;7HC (T6 KOMBI 2.0 TDI);0603;BTX;1968;110;2015;2019;Diesel;2
VW;T6;7HC (T6 KOMBI 2.0 TDI);0603;BXC;1968;110;2015;2019;Diesel;2
VW;T6;7HC (T6 MULTIVAN 2.0 TDI 4MOTION);0603;BUM;1968;110;2015;2019;Diesel;2
VW;T6;7HC (T6 MULTIVAN 2.0 TDI);0603;BUL;1968;110;2015;2019;Diesel;2
VW;T6;7HC (T6 CALIFORNIA 2.0 TDI 4MOTION);0603;CHP;1968;146;2018;2019;Diesel;2
VW;T6;7HC (T6 CALIFORNIA 2.0 TDI);0603;CHL;1968;146;2018;2019;Diesel;2
VW;T6;7HC (T6 CALIFORNIA BEACH 2.0 TDI 4MOTION);0603;CHS;1968;146;2018;2019;Diesel;2
VW;T6;7HC (T6 CALIFORNIA BEACH 2.0 TDI);0603;CHO;1968;146;2018;2019;Diesel;2
VW;T6;7HC (T6 KOMBI 2.0 TDI 4MOTION);0603;CHQ;1968;146;2018;2019;Diesel;2
VW;T6;7HC (T6 KOMBI 2.0 TDI);0603;CHM;1968;146;2018;2019;Diesel;2
VW;T6;7HC (T6 MULTIVAN 2.0 TDI 4MOTION);0603;CHR;1968;146;2018;2019;Diesel;2
VW;T6;7HC (T6 MULTIVAN 2.0 TDI);0603;CHN;1968;146;2018;2019;Diesel;2
VW;T6;7HC (T6 CALIFORNIA 2.0 TDI 4MOTION);0603;BTP;1968;150;2015;2019;Diesel;2
VW;T6;7HC (T6 CALIFORNIA 2.0 TDI);0603;BTO;1968;150;2015;2019;Diesel;2
VW;T6;7HC (T6 CALIFORNIA BEACH 2.0 TDI 4MOTION);0603;BVE;1968;150;2015;2019;Diesel;2
VW;T6;7HC (T6 CALIFORNIA BEACH 2.0 TDI);0603;BVD;1968;150;2015;2019;Diesel;2
VW;T6;7HC (T6 KOMBI 2.0 TDI 4MOTION);0603;BUC;1968;150;2015;2019;Diesel;2
VW;T6;7HC (T6 KOMBI 2.0 TDI);0603;BUB;1968;150;2015;2019;Diesel;2
VW;T6;7HC (T6 MULTIVAN 2.0 TDI 4MOTION);0603;BUQ;1968;150;2015;2019;Diesel;2
VW;T6;7HC (T6 MULTIVAN 2.0 TDI);0603;BUP;1968;150;2015;2019;Diesel;2
VW;Tiguan;5N (TIGUAN 1.6 TDI);0603;CBH;1598;85;2016;2019;Diesel;2
VW;Tiguan;5N (TIGUAN 2.0 TDI);0603;BZF;1968;85;2016;2019;Diesel;2
VW;Tiguan;5N (TIGUAN 2.0 TDI 4MOTION);0603;BWD;1968;110;2015;2015;Diesel;2
VW;Tiguan;5N (TIGUAN 2.0 TDI 4MOTION);0603;BWC;1968;110;2015;2015;Diesel;2
VW;Tiguan;5N (TIGUAN 2.0 TDI 4MOTION);0603;BZI;1968;110;2016;2019;Diesel;2
VW;Tiguan;5N (TIGUAN 2.0 TDI 4MOTION);0603;BZH;1968;110;2016;2019;Diesel;2
VW;Tiguan;5N (TIGUAN 2.0 TDI);0603;BWB;1968;110;2015;2015;Diesel;2
VW;Tiguan;5N (TIGUAN 2.0 TDI);0603;BZG;1968;110;2016;2019;Diesel;2
VW;Tiguan;5N (TIGUAN 2.0 TDI 4MOTION);0603;BWF;1968;135;2015;2015;Diesel;2
VW;Tiguan;5N (TIGUAN 2.0 TDI 4MOTION);0603;BWE;1968;135;2015;2015;Diesel;2
VW;Tiguan;5N (TIGUAN 2.0 TDI 4MOTION);0603;BZK;1968;140;2016;2019;Diesel;2
VW;Tiguan;5N (TIGUAN 2.0 TDI 4MOTION);0603;BZJ;1968;140;2016;2019;Diesel;2
VW;Tiguan;5N (TIGUAN 2.0 TDI 4MOTION);0603;BZZ;1968;176;2016;2019;Diesel;2
VW;Tiguan;5N (TIGUAN 2.0 TDI 4MOTION);0603;BZP;1968;176;2016;2019;Diesel;2
VW;Touran;1T (TOURAN 1.6 TDI);0603;BWQ;1598;81;2015;2019;Diesel;2
VW;Touran;1T (TOURAN 1.6 TDI);0603;BWP;1598;81;2015;2019;Diesel;2
VW;Touran;1T (TOURAN 1.6 TDI);0603;CAR;1598;85;2016;2019;Diesel;2
VW;Touran;1T (TOURAN 1.6 TDI);0603;CAQ;1598;85;2016;2019;Diesel;2
VW;Touran;1T (TOURAN 2.0 TDI);0603;BWS;1968;110;2015;2019;Diesel;2
VW;Touran;1T (TOURAN 2.0 TDI);0603;BWR;1968;110;2015;2019;Diesel;2
VW;Touran;1T (TOURAN 2.0 TDI);0603;BXZ;1968;140;2015;2019;Diesel;2
VW;Touran;1T (TOURAN 2.0 TDI);0603;BXY;1968;140;2015;2019;Diesel;2
VW;T-Roc;A1 (T-ROC 1.6 TDI);0603;CFO;1598;85;2018;2019;Diesel;2
VW;T-Roc;A1 (T-ROC 2.0 TDI 4MOTION);0603;CEC;1968;110;2017;2019;Diesel;2
VW;T-Roc;A1 (T-ROC 2.0 TDI 4MOTION);0603;CFN;1968;140;2018;2019;Diesel;2
VW;T-Roc;A1 (T-ROC 2.0 TDI);0603;CFP;1968;110;2018;2019;Diesel;2
Audi;A4;B8 (A4 3.0 TDI QUATTRO);0588;BFP;2967;160;2015;2019;Diesel;1
Audi;A4;B8 (A4 3.0 TDI QUATTRO);0588;AGT;2967;176;2007;2015;Diesel;1
Audi;A4;B8 (A4 3.0 TDI QUATTRO);0588;ATD;2967;180;2011;2015;Diesel;1
Audi;A4;B8 (A4 3.0 TDI);0588;BFO;2967;160;2015;2019;Diesel;1
Audi;A4;B8 (A4 ALLROAD 3.0 TDI QUATTRO);0588;BHB;2967;160;2015;2019;Diesel;1
Audi;A4;B8 (A4 AVANT / ALLROAD 3.0 TDI QUATTRO);0588;AHE;2967;176;2008;2015;Diesel;1
Audi;A4;B8 (A4 AVANT / ALLROAD 3.0 TDI QUATTRO);0588;AUE;2967;180;2011;2015;Diesel;1
Audi;A4;B8 (A4 AVANT 3.0 TDI QUATTRO);0588;BFY;2967;160;2015;2019;Diesel;1
Audi;A4;B8 (A4 AVANT 3.0 TDI);0588;BFX;2967;160;2015;2019;Diesel;1
Audi;A5;B8 (A5 3.0 TDI QUATTRO);0588;BDW;2967;160;2015;2017;Diesel;1
Audi;A5;B8 (A5 CABRIO 3.0 TDI QUATTRO);0588;BDX;2967;160;2015;2017;Diesel;1
Audi;A5;B8 (A5 CABRIO 3.0 TDI QUATTRO);0588;BKU;2967;160;2016;2019;Diesel;1
Audi;A5;B8 (A5 CABRIO 3.0 TDI);0588;BKT;2967;160;2016;2019;Diesel;1
Audi;A5;B8 (A5 COUPE 3.0 TDI QUATTRO);0588;BIZ;2967;160;2016;2019;Diesel;1
Audi;A5;B8 (A5 COUPE 3.0 TDI);0588;BJI;2967;160;2016;2019;Diesel;1
Audi;A5;B8 (A5 SPORTBACK 3.0 TDI QUATTRO);0588;BDY;2967;160;2015;2017;Diesel;1
Audi;A5;B8 (A5 SPORTBACK 3.0 TDI QUATTRO);0588;BJQ;2967;160;2016;2019;Diesel;1
Audi;A5;B8 (A5 SPORTBACK 3.0 TDI);0588;BJP;2967;160;2016;2019;Diesel;1
Audi;A5;B8 (A5 3.0 TDI QUATTRO);0588;ASB;2967;180;2011;2017;Diesel;1
Audi;A5;B8 (A5 CABRIO 3.0 TDI QUATTRO);0588;ASK;2967;180;2011;2017;Diesel;1
Audi;A5;B8 (A5 SPORTBACK 3.0 TDI QUATTRO);0588;ASG;2967;180;2011;2017;Diesel;1
Audi;A6;4G (A6 3.0 TDI QUATTRO);0588;BCL;2967;155;2014;2018;Diesel;1
Audi;A6;4G (A6 3.0 TDI);0588;BCM;2967;155;2014;2018;Diesel;1
Audi;A6;4G (A6 AVANT / ALLROAD 3.0 TDI QUATTRO);0588;BCJ;2967;155;2014;2018;Diesel;1
Audi;A6;4G (A6 AVANT 3.0 TDI);0588;BCK;2967;155;2014;2018;Diesel;1
Audi;A6;4G (A6 3.0 TDI QUATTRO);0588;BBN;2967;160;2014;2018;Diesel;1
Audi;A6;4G (A6 3.0 TDI);0588;BBM;2967;160;2014;2018;Diesel;1
Audi;A6;4G (A6 AVANT / ALLROAD 3.0 TDI QUATTRO);0588;BBX;2967;160;2014;2018;Diesel;1
Audi;A6;4G (A6 AVANT 3.0 TDI);0588;BBW;2967;160;2014;2018;Diesel;1
Audi;A6;4G (A6 3.0 TDI QUATTRO);0588;ARD;2967;180;2010;2018;Diesel;1
Audi;A6;4G (A6 AVANT / ALLROAD 3.0 TDI QUATTRO);0588;ARP;2967;180;2011;2018;Diesel;1
Audi;A6;4G (A6 3.0 TDI QUATTRO);0588;BBO;2967;200;2014;2018;Diesel;1
Audi;A6;4G (A6 AVANT / ALLROAD 3.0 TDI QUATTRO);0588;BBY;2967;200;2014;2018;Diesel;1
Audi;A6;4G (A6 3.0 TDI QUATTRO);0588;BBP;2967;235;2014;2018;Diesel;1
Audi;A6;4G (A6 AVANT / ALLROAD 3.0 TDI QUATTRO);0588;BBZ;2967;235;2014;2018;Diesel;1
Audi;A6;4G (A6 3.0 TDI QUATTRO);0588;BBQ;2967;240;2014;2018;Diesel;1
Audi;A6;4G (A6 AVANT / ALLROAD 3.0 TDI QUATTRO);0588;BCA;2967;240;2014;2018;Diesel;1
Audi;A7;4G (A7 SPORTBACK 3.0 TDI QUATTRO);0588;BCB;2967;155;2014;2018;Diesel;1
Audi;A7;4G (A7 SPORTBACK 3.0 TDI);0588;BCC;2967;155;2014;2018;Diesel;1
Audi;A7;4G (A7 SPORTBACK 3.0 TDI QUATTRO);0588;BAX;2967;160;2014;2018;Diesel;1
Audi;A7;4G (A7 SPORTBACK 3.0 TDI);0588;BAW;2967;160;2014;2018;Diesel;1
Audi;A7;4G (A7 SPORTBACK 3.0 TDI QUATTRO);0588;AQH;2967;180;2010;2018;Diesel;1
Audi;A7;4G (A7 SPORTBACK 3.0 TDI QUATTRO);0588;BAY;2967;200;2014;2018;Diesel;1
Audi;A7;4G (A7 SPORTBACK 3.0 TDI QUATTRO);0588;BAZ;2967;235;2014;2018;Diesel;1
Audi;A7;4G (A7 SPORTBACK 3.0 TDI QUATTRO);0588;BBB;2967;240;2014;2018;Diesel;1
Audi;A7;4G (A7 SPORTBACK 3.0 TDI QUATTRO);0588;ATJ;2967;230;2011;2018;Diesel;1
Audi;A8;4H (A8 3.0 TDI);0588;ARJ;2967;150;2011;2018;Diesel;1
Audi;A8;4H (A8 3.0 TDI QUATTRO);0588;AQR;2967;155;2010;2018;Diesel;1
Audi;A8;4H (A8 3.0 TDI QUATTRO);0588;ALR;2967;184;2009;2018;Diesel;1
Audi;A8;4H (A8 3.0 TDI QUATTRO);0588;AYX;2967;190;2013;2018;Diesel;1
Audi;A8;4H (A8 3.0 TDI QUATTRO);0588;BEI;2967;193;2015;2018;Diesel;1
Audi;Q5;8R (Q5 3.0 TDI QUATTRO);0588;AZV;2967;184;2014;2017;Diesel;1
Audi;Q5;8R (Q5 3.0 TDI QUATTRO);0588;AZA;2967;190;2013;2017;Diesel;1
Audi;Q5;8R (SQ5 3.0 TDI QUATTRO);0588;BDV;2967;240;2015;2017;Diesel;1
Audi;Q5;8R (SQ5 3.0 TDI);0588;AWB;2967;230;2012;2016;Diesel;1
Audi;Q5;8R (SQ5 3.0 TDI QUATTRO);0588;BEY;2967;250;2015;2017;Diesel;1
Audi;Q7;4L (Q7 3.0 TDI);0588;AGU;2967;176;2007;2015;Diesel;1
Audi;Q7;4L (Q7 3.0 TDI);0588;ARQ;2967;180;2011;2015;Diesel;1
Porsche;Cayenne;92A (CAYENNE S 4.2 TDI);0583;AIB;4134;283;2014;2018;Diesel;1
Porsche;Cayenne;92A (CAYENNE 4.2 TDI);0583;AGF;4134;281;2012;2018;Diesel;1
Porsche;Cayenne;92A (CAYENNE 4.2 TDI);0583;AGE;4134;281;2012;2018;Diesel;1
Porsche;Panamera;971 (PANAMERA ST 4S 4.0 D);0583;AKI;3956;310;2017;2019;Diesel;1
Porsche;Panamera;971 (PANAMERA 4S 4.0 D);0583;AJQ;3956;310;2016;2019;Diesel;1
Porsche;Cayenne;92A (CAYENNE 3.0 TDI);0583;ADK;2967;155;2010;2018;Diesel;1
Porsche;Cayenne;92A (CAYENNE 3.0 TDI);0583;ADJ;2967;155;2010;2018;Diesel;1
Porsche;Cayenne;92A (CAYENNE 3.0 TDI);0583;AIA;2967;184;2014;2018;Diesel;1
Porsche;Cayenne;92A (CAYENNE 3.0 TDI);0583;AHZ;2967;193;2014;2018;Diesel;1
Porsche;Macan;95B (MACAN S DIESEL 3.0);0583;AHK;2967;184;2014;2019;Diesel;1
VW;Touareg;7P (TOUAREG 3.0 TDI);0603;ASX;2967;150;2010;2018;Diesel;1
VW;Touareg;7P (TOUAREG 3.0 TDI);0603;ASS;2967;150;2010;2018;Diesel;1
VW;Touareg;7P (TOUAREG 3.0 TDI);0603;BQO;2967;193;2014;2018;Diesel;1
Audi;Q5;8R (Q5 2.0 TDI);0588;AQI;1968;105;2010;2016;Diesel;2
Audi;Q5;8R (Q5 2.0 TDI QUATTRO);0588;ALH;1968;105;2009;2016;Diesel;2
Audi;Q5;8R (Q5 2.0 TDI QUATTRO);0588;AIW;1968;125;2008;2017;Diesel;2
Audi;Q5;8R (Q5 2.0 TDI QUATTRO);0588;AVU;1968;130;2012;2016;Diesel;2
Seat;Alhambra;7N (ALHAMBRA 2.0 TDI);7593;AFH;1968;100;2010;2019;Diesel;2
Seat;Alhambra;7N (ALHAMBRA 2.0 TDI);7593;AFK;1968;100;2010;2019;Diesel;2
Seat;Alhambra;7N (ALHAMBRA 2.0 TDI ALLRAD);7593;AGI;1968;100;2011;2019;Diesel;2
Seat;Alhambra;7N (ALHAMBRA 2.0 TDI ALLRAD);7593;AGJ;1968;100;2011;2019;Diesel;2
Seat;Alhambra;7N (ALHAMBRA 2.0 TDI);7593;AFI;1968;103;2010;2019;Diesel;2
Seat;Alhambra;7N (ALHAMBRA 2.0 TDI);7593;AFL;1968;103;2010;2019;Diesel;2
Seat;Alhambra;7N (ALHAMBRA 2.0 TDI ALLRAD);7593;AGK;1968;103;2011;2019;Diesel;2
Seat;Alhambra;7N (ALHAMBRA 2.0 TDI ALLRAD);7593;AGL;1968;103;2011;2019;Diesel;2
Seat;Alhambra;7N (ALHAMBRA 2.0 TDI);7593;AFM;1968;125;2010;2019;Diesel;2
Seat;Alhambra;7N (ALHAMBRA 2.0 TDI);7593;AFN;1968;125;2010;2019;Diesel;2
Seat;Alhambra;7N (ALHAMBRA 2.0 TDI);7593;AHO;1968;130;2013;2019;Diesel;2
Seat;Alhambra;7N (ALHAMBRA 2.0 TDI);7593;AHP;1968;130;2013;2019;Diesel;2
Seat;Altea;5P (ALTEA/TOLEDO 1.6 TDI);7593;AGD;1598;66;2010;2015;Diesel;2
Seat;Altea;5P (ALTEA XL 1.6 TDI);7593;AHV;1598;66;2013;2015;Diesel;2
Seat;Toledo;NH (TOLEDO 1.6 TDI);7593;AII;1598;66;2013;2019;Diesel;2
Seat;Toledo;NH (TOLEDO 1.6 TDI);7593;AIH;1598;66;2013;2019;Diesel;2
Seat;Altea;5P (ALTEA/TOLEDO 1.6 TDI);7593;AEQ;1598;77;2010;2015;Diesel;2
Seat;Altea;5P (ALTEA / FREETRACK 1.6 TDI);7593;AHW;1598;77;2013;2015;Diesel;2
Seat;Toledo;NH (TOLEDO 1.6 TDI);7593;AHB;1598;77;2012;2019;Diesel;2
Seat;Toledo;NH (TOLEDO 1.6 TDI);7593;AGX;1598;77;2012;2019;Diesel;2
Seat;Exeo;3R (EXEO ST 2.0 TDI);7593;AEE;1968;88;2009;2014;Diesel;2
Seat;Exeo;3R (EXEO 2.0 TDI);7593;AED;1968;88;2009;2014;Diesel;2
Seat;Exeo;3R (EXEO ST 2.0 TDI);7593;AEA;1968;125;2009;2014;Diesel;2
Seat;Exeo;3R (EXEO ST 2.0 TDI);7593;ADZ;1968;105;2009;2014;Diesel;2
Seat;Exeo;3R (EXEO 2.0 TDI);7593;ADS;1968;125;2008;2014;Diesel;2
Seat;Exeo;3R (EXEO 2.0 TDI);7593;ADR;1968;105;2008;2014;Diesel;2
Seat;Ibiza;6J (IBIZA ST 1.2 TDI);7593;AFA;1199;55;2010;2017;Diesel;2
Seat;Ibiza;6J (IBIZA 1.2 TDI);7593;AEZ;1199;55;2010;2017;Diesel;2
Seat;Ibiza;6J (IBIZA ST 1.6 TDI);7593;AEV;1598;66;2010;2017;Diesel;2
Seat;Ibiza;6J (IBIZA 1.6 TDI);7593;AEG;1598;66;2009;2017;Diesel;2
Seat;Ibiza;6J (IBIZA ST 1.6 TDI);7593;AEW;1598;77;2010;2017;Diesel;2
Seat;Ibiza;6J (IBIZA 1.6 TDI);7593;AEH;1598;77;2009;2017;Diesel;2
Seat;Ibiza;6J (IBIZA FR 2.0 TDI);7593;AER;1968;105;2010;2017;Diesel;2
Seat;Leon;1P (LEON 1.6 TDI);7593;AGB;1598;66;2010;2013;Diesel;2
Seat;Leon;1P (LEON 1.6 TDI);7593;AES;1598;77;2010;2013;Diesel;2
Seat;Altea;5P (ALTEA/ALTEA FREETRACK / TOLEDO 2.0 TDI);7593;ADK;1968;103;2008;2015;Diesel;2
Seat;Altea;5P (ALTEA/ALTEA FREETRACK / TOLEDO 2.0 TDI);7593;AAD;1968;103;2005;2015;Diesel;2
Seat;Altea;5P (ALTEA XL 2.0 TDI);7593;AHZ;1968;103;2013;2015;Diesel;2
Seat;Altea;5P (ALTEA XL / 4 FREETRACK 2.0 TDI);7593;AIA;1968;103;2013;2015;Diesel;2
Seat;Altea;5P (ALTEA 4 FREETRACK 4X4 2.0 TDI);7593;ADE;1968;125;2007;2015;Diesel;2
Skoda;Roomster;5J (ROOMSTER 1.2 TDI);8004;AJU;1199;55;2010;2015;Diesel;2
Seat;Altea;5P (ALTEA/TOLEDO 2.0 TDI);7593;ACO;1968;125;2006;2015;Diesel;2
Seat;Altea;5P (ALTEA 4 FREETRACK 2.0 TDI);7593;AIG;1968;125;2013;2015;Diesel;2
Skoda;Fabia;5J (FABIA COMBI 1.2 TDI);8004;AJR;1199;55;2010;2015;Diesel;2
Skoda;Fabia;5J (FABIA 1.2 TDI);8004;AJQ;1199;55;2010;2014;Diesel;2
Skoda;Fabia;5J (FABIA COMBI 1.6 TDI);8004;AKG;1598;55;2010;2015;Diesel;2
Skoda;Fabia;5J (FABIA 1.6 TDI);8004;AKF;1598;55;2010;2014;Diesel;2
Skoda;Fabia;5J (FABIA COMBI 1.6 TDI);8004;AJT;1598;66;2010;2015;Diesel;2
Skoda;Fabia;5J (FABIA 1.6 TDI);8004;AJS;1598;66;2010;2014;Diesel;2
Skoda;Fabia;5J (FABIA COMBI 1.6 TDI);8004;AKD;1598;77;2010;2015;Diesel;2
Skoda;Fabia;5J (FABIA 1.6 TDI);8004;AKC;1598;77;2010;2014;Diesel;2
Skoda;Octavia;1Z (OCTAVIA COMBI 1.6 TDI 4X4);8004;AJC;1598;77;2010;2013;Diesel;2
Skoda;Octavia;1Z (OCTAVIA COMBI 1.6 TDI 4X4);8004;AJB;1598;77;2010;2013;Diesel;2
Skoda;Octavia;1Z (OCTAVIA COMBI 1.6 TDI);8004;AHG;1598;77;2009;2013;Diesel;2
Skoda;Octavia;1Z (OCTAVIA COMBI 1.6 TDI);8004;AHF;1598;77;2009;2013;Diesel;2
Skoda;Octavia;1Z (OCTAVIA 1.6 TDI);8004;AHE;1598;77;2009;2013;Diesel;2
Skoda;Octavia;1Z (OCTAVIA COMBI 2.0 TDI 4X4);8004;AML;1968;81;2011;2013;Diesel;2
Skoda;Octavia;1Z (OCTAVIA COMBI 2.0 TDI 4X4);8004;AMK;1968;81;2011;2013;Diesel;2
Skoda;Octavia;1Z (OCTAVIA COMBI 2.0 TDI);8004;AMJ;1968;81;2011;2013;Diesel;2
Skoda;Octavia;1Z (OCTAVIA COMBI 2.0 TDI);8004;ALY;1968;81;2011;2013;Diesel;2
Skoda;Octavia;1Z (OCTAVIA 2.0 TDI);8004;ALX;1968;81;2011;2013;Diesel;2
Skoda;Octavia;1Z (OCTAVIA 2.0 TDI);8004;ADO;1968;103;2005;2013;Diesel;2
Skoda;Octavia;1Z (OCTAVIA COMBI 2.0 TDI);8004;AEH;1968;103;2005;2013;Diesel;2
Skoda;Octavia;1Z (OCTAVIA COMBI 2.0 TDI);8004;ADX;1968;103;2005;2013;Diesel;2
Skoda;Octavia;1Z (OCTAVIA COMBI 2.0 TDI 4X4);8004;AHD;1968;103;2009;2013;Diesel;2
Skoda;Octavia;1Z (OCTAVIA COMBI 2.0 TDI 4X4);8004;AFE;1968;103;2006;2013;Diesel;2
Skoda;Octavia;1Z (OCTAVIA RS 2.0 TDI);8004;AEQ;1968;125;2006;2013;Diesel;2
Skoda;Octavia;1Z (OCTAVIA COMBI RS 2.0 TDI);8004;AEP;1968;125;2006;2013;Diesel;2
Skoda;Rapid;NH (RAPID 1.6 TDI);8004;AOH;1598;66;2013;2019;Diesel;2
Skoda;Rapid;NH (RAPID 1.6 TDI);8004;AOG;1598;66;2013;2019;Diesel;2
Skoda;Rapid;NH (RAPID SPACEBACK 1.6 TDI);8004;AOE;1598;66;2013;2019;Diesel;2
Skoda;Rapid;NH (RAPID SPACEBACK 1.6 TDI);8004;AOF;1598;77;2013;2019;Diesel;2
Skoda;Rapid;NH (RAPID 1.6 TDI);8004;AMY;1598;77;2012;2019;Diesel;2
Skoda;Rapid;NH (RAPID 1.6 TDI);8004;AMW;1598;77;2012;2019;Diesel;2
Skoda;Roomster;5J (ROOMSTER 1.6 TDI);8004;AJV;1598;66;2010;2015;Diesel;2
Skoda;Roomster;5J (ROOMSTER 1.6 TDI);8004;AKE;1598;77;2010;2015;Diesel;2
Skoda;Superb;3T (SUPERB 1.6 TDI);8004;ALD;1598;77;2010;2015;Diesel;2
Skoda;Superb;3T (SUPERB 1.9 TDI);8004;AGF;1896;77;2008;2015;Diesel;2
Skoda;Superb;3T (SUPERB COMBI 1.6 TDI);8004;ALF;1598;77;2010;2015;Diesel;2
Skoda;Superb;3T (SUPERB COMBI 1.6 TDI);8004;ALE;1598;77;2010;2015;Diesel;2
Skoda;Superb;3T (SUPERB COMBI 1.9 TDI);8004;AJF;1896;77;2010;2015;Diesel;2
Skoda;Superb;3T (SUPERB COMBI 1.9 TDI);8004;AIM;1896;77;2009;2015;Diesel;2
Skoda;Superb;3T (SUPERB 2.0 TDI 4X4);8004;ALI;1968;103;2011;2015;Diesel;2
Skoda;Superb;3T (SUPERB 2.0 TDI);8004;AGG;1968;103;2008;2015;Diesel;2
Skoda;Superb;3T (SUPERB COMBI 2.0 TDI 4X4);8004;ALK;1968;103;2011;2015;Diesel;2
Skoda;Superb;3T (SUPERB COMBI 2.0 TDI 4X4);8004;ALJ;1968;103;2011;2015;Diesel;2
Skoda;Superb;3T (SUPERB COMBI 2.0 TDI);8004;AJG;1968;103;2010;2015;Diesel;2
Skoda;Superb;3T (SUPERB COMBI 2.0 TDI);8004;AIO;1968;103;2009;2015;Diesel;2
Skoda;Superb;3T (SUPERB COMBI 2.0 TDI 4X4);8004;AJJ;1968;125;2010;2015;Diesel;2
Skoda;Superb;3T (SUPERB COMBI 2.0 TDI);8004;AJI;1968;125;2010;2015;Diesel;2
Skoda;Superb;3T (SUPERB COMBI 2.0 TDI 4X4);8004;AIT;1968;125;2009;2015;Diesel;2
Skoda;Superb;3T (SUPERB COMBI 2.0 TDI);8004;AIQ;1968;125;2009;2015;Diesel;2
Skoda;Superb;3T (SUPERB 2.0 TDI 4X4);8004;AGK;1968;125;2008;2015;Diesel;2
Skoda;Superb;3T (SUPERB 2.0 TDI);8004;AGH;1968;125;2008;2015;Diesel;2
Skoda;Yeti;5L (YETI 1.6 TDI);8004;ALH;1598;77;2010;2018;Diesel;2
Skoda;Yeti;5L (YETI 1.6 TDI);8004;ALG;1598;77;2010;2018;Diesel;2
Skoda;Yeti;5L (YETI 2.0 TDI 4X4);8004;AJE;1968;81;2010;2018;Diesel;2
Skoda;Yeti;5L (YETI 2.0 TDI);8004;AJD;1968;81;2010;2018;Diesel;2
Skoda;Yeti;5L (YETI 2.0 TDI 4X4);8004;AGZ;1968;81;2009;2018;Diesel;2
Skoda;Yeti;5L (YETI 2.0 TDI);8004;AGY;1968;81;2009;2018;Diesel;2
Skoda;Yeti;5L (YETI 2.0 TDI 4X4);8004;AIX;1968;103;2009;2018;Diesel;2
Skoda;Yeti;5L (YETI 2.0 TDI 4X4);8004;AHA;1968;103;2009;2018;Diesel;2
Skoda;Yeti;5L (YETI 2.0 TDI);8004;AMQ;1968;103;2012;2018;Diesel;2
Skoda;Yeti;5L (YETI 2.0 TDI);8004;AMP;1968;103;2012;2018;Diesel;2
Skoda;Yeti;5L (YETI 2.0 TDI 4X4);8004;AJA;1968;125;2009;2018;Diesel;2
Skoda;Yeti;5L (YETI 2.0 TDI 4X4);8004;AHB;1968;125;2009;2018;Diesel;2
VW;Amarok;2HS2 (AMAROK 2.0 TDI ALLRAD);0603;986;1968;103;2013;2018;Diesel;2
VW;Amarok;2HS2 (AMAROK 2.0 TDI);0603;985;1968;103;2013;2018;Diesel;2
VW;Amarok;2H (AMAROK 2.0 TDI ALLRAD);0603;984;1968;103;2013;2018;Diesel;2
VW;Amarok;2H (AMAROK 2.0 TDI);0603;983;1968;103;2013;2018;Diesel;2
VW;Amarok;2HS2 (AMAROK 2.0 TDI);0603;982;1968;132;2013;2018;Diesel;2
VW;Amarok;2H (AMAROK 2.0 TDI);0603;981;1968;132;2013;2018;Diesel;2
VW;Amarok;2HS2 (AMAROK 2.0 TDI ALLRAD);0603;980;1968;132;2013;2018;Diesel;2
VW;Amarok;2H (AMAROK 2.0 TDI ALLRAD);0603;979;1968;132;2013;2018;Diesel;2
VW;Amarok;2HS2 (AMAROK 2.0 TDI ALLRAD);0603;978;1968;120;2013;2018;Diesel;2
VW;Amarok;2HS2 (AMAROK 2.0 TDI);0603;977;1968;120;2013;2018;Diesel;2
VW;Amarok;2HS2 (AMAROK 2.0 TDI ALLRAD);0603;976;1968;90;2013;2018;Diesel;2
VW;Amarok;2HS2 (AMAROK 2.0 TDI);0603;975;1968;90;2013;2018;Diesel;2
VW;Amarok;2H (AMAROK 2.0 TDI ALLRAD);0603;973;1968;120;2011;2018;Diesel;2
VW;Amarok;2H (AMAROK 2.0 TDI);0603;972;1968;120;2011;2018;Diesel;2
VW;Amarok;2H (AMAROK 2.0 TDI ALLRAD);0603;971;1968;90;2011;2018;Diesel;2
VW;Amarok;2H (AMAROK 2.0 TDI);0603;970;1968;90;2011;2018;Diesel;2
VW;Beetle;16 (BEETLE CABRIO 1.6 TDI);0603;BJL;1598;77;2012;2019;Diesel;2
VW;Beetle;16 (BEETLE CABRIO 2.0 TDI);0603;BJA;1968;103;2012;2019;Diesel;2
VW;Beetle;16 (BEETLE 2.0 TDI);0603;BIB;1968;103;2012;2018;Diesel;2
VW;Beetle;16 (BEETLE 1.6 TDI);0603;BFL;1598;77;2011;2018;Diesel;2
VW;Caddy;2K (CADDY 2.0 TDI 4MOTION);0603;AZD;1968;81;2010;2019;Diesel;2
VW;Caddy;2K (CADDY 2.0 TDI 4MOTION);0603;AZC;1968;81;2010;2019;Diesel;2
VW;Caddy;2K (CADDY 2.0 TDI);0603;AVH;1968;81;2010;2019;Diesel;2
VW;Caddy;2K (CADDY 2.0 TDI);0603;AVG;1968;81;2010;2019;Diesel;2
VW;Caddy;2K (CADDY 1.6 TDI);0603;AVF;1598;75;2010;2019;Diesel;2
VW;Caddy;2K (CADDY 1.6 TDI);0603;AVE;1598;75;2010;2019;Diesel;2
VW;Caddy;2K (CADDY 1.6 TDI);0603;AVD;1598;55;2010;2019;Diesel;2
VW;Caddy;2K (CADDY 1.6 TDI);0603;AVC;1598;55;2010;2019;Diesel;2
VW;Caddy;2K (CADDY 2.0 TDI);0603;BIK;1968;125;2012;2019;Diesel;2
VW;Caddy;2K (CADDY 2.0 TDI);0603;BIJ;1968;125;2012;2019;Diesel;2
VW;Caddy;2K (CADDY 2.0 TDI 4MOTION);0603;BAX;1968;103;2011;2019;Diesel;2
VW;Caddy;2K (CADDY 2.0 TDI 4MOTION);0603;BAW;1968;103;2011;2019;Diesel;2
VW;Caddy;2K (CADDY LIFE/KOMBI 2.0 TDI);0603;AMU;1968;103;2007;2019;Diesel;2
VW;Caddy;2K (CADDY LIFE/KOMBI 2.0 TDI);0603;AMT;1968;103;2007;2019;Diesel;2
VW;Golf VI;1K (GOLF VI 1.6 TDI);0603;AOR;1598;66;2008;2013;Diesel;2
VW;Golf VI;1KM (GOLF VI VARIANT 1.6 TDI);0603;ASE;1598;66;2010;2014;Diesel;2
VW;Golf VI Plus;1KP (GOLF VI PLUS 1.6 TDI);0603;AOS;1598;66;2008;2014;Diesel;2
VW;Golf VI;1K (GOLF VI 1.6 TDI);0603;APS;1598;77;2009;2013;Diesel;2
VW;Golf VI;1KM (GOLF VI VARIANT 1.6 TDI 4MOTION);0603;ASF;1598;77;2010;2014;Diesel;2
VW;Golf VI;1K (GOLF VI CABRIO 1.6 TDI);0603;BEM;1598;77;2011;2016;Diesel;2
VW;Golf VI Plus;1KP (GOLF VI PLUS 1.6 TDI);0603;AOT;1598;77;2008;2014;Diesel;2
VW;Golf VI;1K (GOLF VI 2.0 TDI);0603;ANZ;1968;81;2008;2013;Diesel;2
VW;Golf VI;1K (GOLF VI CABRIO 2.0 TDI);0603;BVT;1968;81;2015;2016;Diesel;2
VW;Golf VI Plus;1KP (GOLF VI PLUS 2.0 TDI);0603;AOU;1968;81;2008;2014;Diesel;2
VW;Golf VI;1K (GOLF VI CABRIO 2.0 TDI);0603;BHG;1968;103;2011;2016;Diesel;2
VW;Golf VI Plus;1KP (GOLF VI PLUS 2.0 TDI);0603;APF;1968;103;2009;2014;Diesel;2
VW;Golf V;1KM (GOLF V/VI VARIANT 1.6 TDI);0603;APW;1598;77;2009;2014;Diesel;2
VW;Jetta III;1KM (JETTA 1.6 TDI);0603;APX;1598;77;2009;2011;Diesel;2
VW;Jetta IV;16 (JETTA 2.0 TDI);0603;AZA;1968;103;2010;2016;Diesel;2
VW;Jetta IV;16 (JETTA 1.6 TDI);0603;AYZ;1598;77;2010;2016;Diesel;2
VW;Passat;3C (PASSAT VARIANT 1.6 TDI);0603;AQH;1598;77;2009;2013;Diesel;2
VW;Passat;3C (PASSAT 1.6 TDI);0603;BCQ;1598;77;2011;2015;Diesel;2
VW;Passat;3C (PASSAT 1.6 TDI);0603;AYE;1598;77;2010;2015;Diesel;2
VW;Passat;3C (PASSAT 1.6 TDI);0603;AQI;1598;77;2009;2013;Diesel;2
VW;Passat;3C (PASSAT VARIANT 1.6 TDI);0603;BDC;1598;77;2011;2015;Diesel;2
VW;Passat;3C (PASSAT VARIANT 1.6 TDI);0603;AYF;1598;77;2010;2015;Diesel;2
VW;Passat;3C (PASSAT VARIANT 2.0 TDI);0603;AOJ;1968;81;2009;2013;Diesel;2
VW;Passat;3C (PASSAT 2.0 TDI);0603;AOH;1968;81;2009;2013;Diesel;2
VW;Passat;3C (PASSAT 2.0 TDI 4MOTION);0603;BCW;1968;103;2011;2015;Diesel;2
VW;Passat;3C (PASSAT 2.0 TDI);0603;BCV;1968;103;2011;2015;Diesel;2
VW;Passat;3C (PASSAT 2.0 TDI 4MOTION);0603;AYK;1968;103;2010;2015;Diesel;2
VW;Passat;3C (PASSAT 2.0 TDI);0603;AYI;1968;103;2010;2015;Diesel;2
VW;Passat;3C (PASSAT VARIANT 2.0 TDI 4MOTION);0603;BDI;1968;103;2011;2015;Diesel;2
VW;Touran;1T (TOURAN 1.6 TDI);0603;AXH;1598;66;2010;2015;Diesel;2
VW;Passat;3C (PASSAT VARIANT 2.0 TDI);0603;BDH;1968;103;2011;2015;Diesel;2
VW;Passat;3C (PASSAT VARIANT 2.0 TDI 4MOTION);0603;AYL;1968;103;2010;2015;Diesel;2
VW;Passat;3CC (PASSAT COUPE / CC 2.0 TDI 4-MOTION);0603;AQB;1968;103;2009;2017;Diesel;2
VW;Passat;3CC (PASSAT COUPE / CC 2.0 TDI);0603;ANC;1968;103;2008;2017;Diesel;2
VW;Passat;3C (PASSAT 2.0 TDI 4MOTION);0603;BCY;1968;125;2011;2015;Diesel;2
VW;Passat;3C (PASSAT 2.0 TDI);0603;BCX;1968;125;2011;2015;Diesel;2
VW;Passat;3C (PASSAT 2.0 TDI 4MOTION);0603;AYO;1968;125;2010;2015;Diesel;2
VW;Passat;3C (PASSAT 2.0 TDI);0603;AYM;1968;125;2010;2015;Diesel;2
VW;Passat;3CC (PASSAT COUPE / CC 2.0 TDI 4MOTION);0603;ARR;1968;125;2010;2017;Diesel;2
VW;Passat;3CC (PASSAT COUPE / CC 2.0 TDI);0603;ANV;1968;125;2008;2017;Diesel;2
VW;Passat;3C (PASSAT VARIANT 2.0 TDI 4MOTION);0603;BDK;1968;125;2011;2015;Diesel;2
VW;Passat;3C (PASSAT VARIANT 2.0 TDI);0603;BDJ;1968;125;2011;2015;Diesel;2
VW;Passat;3C (PASSAT VARIANT 2.0 TDI);0603;AYN;1968;125;2010;2015;Diesel;2
VW;Passat;3C (PASSAT 2.0 TDI 4MOTION);0603;ARS;1968;125;2010;2015;Diesel;2
VW;Passat;3C (PASSAT VARIANT 2.0 TDI 4MOTION);0603;ART;1968;125;2010;2013;Diesel;2
VW;Passat;3C (PASSAT VARIANT 2.0 TDI 4MOTION);0603;AYP;1968;125;2010;2015;Diesel;2
VW;Passat;3C (PASSAT 2.0 TDI 4MOTION);0603;BJU;1968;130;2012;2015;Diesel;2
VW;Passat;3C (PASSAT 2.0 TDI);0603;BJT;1968;130;2012;2015;Diesel;2
VW;Passat;3CC (PASSAT CC 2.0 TDI 4MOTION);0603;BJR;1968;130;2012;2017;Diesel;2
VW;Passat;3CC (PASSAT CC 2.0 TDI);0603;BJQ;1968;130;2012;2017;Diesel;2
VW;Passat;3C (PASSAT VARIANT 2.0 TDI 4MOTION);0603;BJW;1968;130;2012;2015;Diesel;2
VW;Passat;3C (PASSAT VARIANT 2.0 TDI);0603;BJV;1968;130;2012;2015;Diesel;2
VW;Polo;6R (POLO V 1.6 TDI);0603;APV;1598;77;2009;2018;Diesel;2
VW;Polo;6R (POLO V 1.6 TDI);0603;APU;1598;66;2009;2018;Diesel;2
VW;Polo;6R (POLO V 1.2 TDI);0603;ASO;1199;55;2010;2018;Diesel;2
VW;Polo;6R (POLO V 1.6 TDI);0603;APP;1598;55;2009;2018;Diesel;2
VW;Scirocco;13 (SCIROCCO 2.0 TDI);0603;APQ;1968;125;2009;2019;Diesel;2
VW;Scirocco;13 (SCIROCCO 2.0 TDI);0603;AOB;1968;103;2008;2019;Diesel;2
VW;Scirocco;13 (SCIROCCO 2.0 TDI);0603;BKR;1968;130;2013;2019;Diesel;2
VW;Sharan;7N (SHARAN 2.0 TDI);0603;BKQ;1968;130;2013;2019;Diesel;2
VW;Sharan;7N (SHARAN 2.0 TDI);0603;BKP;1968;130;2013;2019;Diesel;2
VW;Sharan;7N (SHARAN 2.0 TDI);0603;ATZ;1968;125;2010;2019;Diesel;2
VW;Sharan;7N (SHARAN 2.0 TDI);0603;ATY;1968;125;2010;2019;Diesel;2
VW;Sharan;7N (SHARAN 2.0 TDI 4MOTION);0603;ATX;1968;103;2010;2019;Diesel;2
VW;Sharan;7N (SHARAN 2.0 TDI 4MOTION);0603;ATW;1968;103;2010;2019;Diesel;2
VW;Sharan;7N (SHARAN 2.0 TDI);0603;ATV;1968;103;2010;2019;Diesel;2
VW;Sharan;7N (SHARAN 2.0 TDI);0603;ATU;1968;103;2010;2019;Diesel;2
VW;Sharan;7N (SHARAN 2.0 TDI);0603;ATT;1968;85;2011;2019;Diesel;2
VW;Sharan;7N (SHARAN 2.0 TDI);0603;ATS;1968;85;2011;2019;Diesel;2
VW;T5;7HC (T5 MULTIVAN CALIFORNIA 2.0 TDI);0603;AQW;1968;75;2009;2015;Diesel;2
VW;T5;7HC (T5 KOMBI CARAVELLE 2.0 TDI);0603;AQT;1968;75;2009;2015;Diesel;2
VW;T5;7HC (T5 MULTIVAN CALIFORNIA 2.0 TDI);0603;AQV;1968;62;2009;2015;Diesel;2
VW;T5;7HC (T5 KOMBI CARAVELLE 2.0 TDI);0603;AQS;1968;62;2009;2015;Diesel;2
VW;T5;7HC (T5 SHUTTLE/KOMBI 1.9 TDI);0603;AIE;1896;62;2006;2015;Diesel;2
VW;T5;7HM (T5 MULTIVAN CALIFORNIA 1.9 TDI);0603;AHI;1896;62;2006;2015;Diesel;2
VW;T5;7HC (T5 CARAVELLE KOMBI 2.0 TDI);0603;BFT;1968;84;2011;2015;Diesel;2
VW;T5;7HC (T5 CALIFORNIA BEACH MULTIVAN 2.0 TDI);0603;BFQ;1968;84;2011;2015;Diesel;2
VW;T5;7HC (T5 MULTIVAN CALIFORNIA 2.0 TDI 4-MOTION);0603;ARK;1968;103;2009;2015;Diesel;2
VW;T5;7HC (T5 KOMBI CARAVELLE 2.0 TDI 4-MOTION);0603;ARJ;1968;103;2009;2015;Diesel;2
VW;T5;7HC (T5 MULTIVAN CALIFORNIA 2.0 TDI);0603;AQX;1968;103;2009;2015;Diesel;2
VW;T5;7HC (T5 KOMBI CARAVELLE 2.0 TDI);0603;AQU;1968;103;2009;2015;Diesel;2
VW;T5;7HC (T5 MULTIVAN CALIFORNIA 2.0 TDI 4-MOTION);0603;AQO;1968;132;2009;2015;Diesel;2
VW;T5;7HC (T5 MULTIVAN CALIFORNIA 2.0 TDI);0603;AQN;1968;132;2009;2015;Diesel;2
VW;T5;7HC (T5 KOMBI CARAVELLE 2.0 TDI 4-MOTION);0603;AQM;1968;132;2009;2015;Diesel;2
VW;T5;7HC (T5 KOMBI CARAVELLE 2.0 TDI);0603;AQL;1968;132;2009;2015;Diesel;2
VW;Tiguan;5N (TIGUAN 2.0 TDI 4MOTION);0603;ANI;1968;120;2008;2015;Diesel;2
VW;Tiguan;5N (TIGUAN 2.0 TDI 4MOTION);0603;AMR;1968;103;2007;2015;Diesel;2
VW;Tiguan;5N (TIGUAN 2.0 TDI 4MOTION);0603;AMQ;1968;100;2007;2015;Diesel;2
VW;Tiguan;5N (TIGUAN 2.0 TDI 4MOTION);0603;AKT;1968;100;2007;2015;Diesel;2
VW;Tiguan;5N (TIGUAN 2.0 TDI 4MOTION);0603;AKS;1968;103;2007;2015;Diesel;2
VW;Tiguan;5N (TIGUAN 2.0 TDI 4MOTION);0603;BJP;1968;130;2012;2015;Diesel;2
VW;Touran;1T (TOURAN 1.6 TDI);0603;AZX;1598;77;2011;2015;Diesel;2
VW;Touran;1T (TOURAN 1.6 TDI);0603;AZW;1598;77;2011;2015;Diesel;2
VW;Touran;1T (TOURAN 1.6 TDI);0603;AZV;1598;66;2011;2015;Diesel;2
VW;Touran;1T (TOURAN 1.6 TDI);0603;AZU;1598;66;2011;2015;Diesel;2
VW;Touran;1T (TOURAN 1.6 TDI);0603;AXI;1598;66;2010;2015;Diesel;2
VW;Touran;1T (TOURAN 1.6 TDI);0603;ATF;1598;77;2010;2015;Diesel;2
VW;Touran;1T (TOURAN 1.6 TDI);0603;ATE;1598;77;2010;2015;Diesel;2
VW;Touran;1T (TOURAN 2.0 TDI);0603;AOL;1968;77;2009;2015;Diesel;2
VW;Touran;1T (TOURAN 2.0 TDI);0603;AOK;1968;77;2009;2015;Diesel;2
VW;Touran;1T (TOURAN 2.0 TDI);0603;BAB;1968;103;2011;2015;Diesel;2
VW;Touran;1T (TOURAN 2.0 TDI);0603;BKG;1968;130;2012;2015;Diesel;2
VW;Touran;1T (TOURAN 2.0 TDI);0603;BKF;1968;130;2012;2015;Diesel;2
VW;Touran;1T (TOURAN 2.0 TDI);0603;BAE;1968;125;2011;2015;Diesel;2
VW;Touran;1T (TOURAN 2.0 TDI);0603;BAD;1968;125;2011;2015;Diesel;2
VW;Touran;1T (TOURAN 2.0 TDI);0603;BAC;1968;103;2011;2015;Diesel;2
Mercedes-Benz;E-Klasse;212 (E 220 CDI);1313;BGT;2143;125;2009;2015;Diesel;2
Mercedes-Benz;V-Klasse;639/2 (V 250 CDI);1313;ECX;2143;140;2013;2019;Diesel;2
Mercedes-Benz;C-Klasse;204 K (C 220 D T-MODELL 4MATIC);1313;EQF;2143;125;2015;2019;Diesel;2
VW;Passat;3C (PASSAT VARIANT 2.0 TDI);0603;AYJ;1968;103;2010;2015;Diesel;2
